42176;#doc=TheWeeknd.2.txt;;;;;;;;;;;;;;
42177;1;»нтервьюер;»Ќ“≈–¬№ё≈–;S m anim nom sg;;;р;е;ю;ь;в;р;S;»Ќ“≈–¬№ё≈–;S m anim nom sg
42178;2;@;@;PUNC;;;;;;;;;PUNC;@;PUNC
42179;3;–асскажи;–ј—— ј«ј“№;V pf - sg imper - 2p;;;и;ж;а;к;с;с;V;–ј—— ј«ј“№;V pf - sg imper - 2p
42180;4;,;,;PUNC;;;;;;;;;PUNC;,;PUNC
42181;5;&;&;PUNC;;;;;;;;;PUNC;&;PUNC
42182;6;lt;LT;NONLEX;;;;;;;;;NONLEX;LT;NONLEX
42183;7;";";";";PUNC;;;;;;;;;PUNC;";";PUNC
42184;8;distinct;DISTINCT;NONLEX;;;;;;;;;NONLEX;DISTINCT;NONLEX
42185;9;form;FORM;NONLEX;;;;;;;;;NONLEX;FORM;NONLEX
42186;10;=;=;PUNC;;;;;;;;;PUNC;=;PUNC
42187;11;&;&;PUNC;;;;;;;;;PUNC;&;PUNC
42188;12;quot;QUOT;NONLEX;;;;;;;;;NONLEX;QUOT;NONLEX
42189;13;";";";";PUNC;;;;;;;;;PUNC;";";PUNC
42190;14;пжалста;ѕ∆јЋ—“;S m inan gen sg;distort;;а;т;с;л;а;ж;S;ѕќ∆јЋ”…—“ј;PART 
42191;15;&;&;PUNC;;;;;;;;;PUNC;&;PUNC
42192;16;quot;QUOT;NONLEX;;;;;;;;;NONLEX;QUOT;NONLEX
42193;17;";";";";SENT;;;;;;;;;SENT;";";SENT
42194;;;;;;;;;;;;;;;
42195;1;&;&;PUNC;;;;;;;;;PUNC;&;PUNC
42196;2;gt;GT;NONLEX;;;;;;;;;NONLEX;GT;NONLEX
42197;3;";";";";PUNC;;;;;;;;;PUNC;";";PUNC
42198;4;пожалуйса;ѕќ∆јЋ”…—;S m anim acc sg;;;а;с;й;у;л;а;S;ѕќ∆јЋ”…—“ј;PART
42199;5;&;&;PUNC;;;;;;;;;PUNC;&;PUNC
42200;6;lt;LT;NONLEX;;;;;;;;;NONLEX;LT;NONLEX
42201;7;";";";";SENT;;;;;;;;;SENT;";";SENT
42202;;;;;;;;;;;;;;;
42203;1;/;/;PUNC;;;;;;;;;PUNC;/;PUNC
42204;2;distinct;DISTINCT;NONLEX;;;;;;;;;NONLEX;DISTINCT;NONLEX
42205;3;&;&;PUNC;;;;;;;;;PUNC;&;PUNC
42206;4;gt;GT;NONLEX;;;;;;;;;NONLEX;GT;NONLEX
42207;5;";";";";SENT;;;;;;;;;SENT;";";SENT
42208;;;;;;;;;;;;;;;
42209;1;,;,;PUNC;;;;;;;;;PUNC;,;PUNC
42210;2;как; ј ;CONJ;;;к;а;к;;;;CONJ; ј ;CONJ
42211;3;ты;“џ;SPRO sg 2p - nom;;;ы;т;;;;;SPRO;“џ;SPRO sg 2p - nom
42212;4;провела;ѕ–ќ¬≈—“»;V pf praet sg indic f -;;;а;л;е;в;о;р;V;ѕ–ќ¬≈—“»;V pf praet sg indic f -
42213;5;свои;—¬ќ…;A - acc pl plen - inan;;;и;о;в;с;;;A;—¬ќ…;A - acc pl plen - inan
42214;6;последние;ѕќ—Ћ≈ƒЌ»…;A - acc pl plen - inan;;;е;и;н;д;е;л;A;ѕќ—Ћ≈ƒЌ»…;A - acc pl plen - inan
42215;7;выходные;¬џ’ќƒЌќ…;S m inan acc pl;;;е;ы;н;д;о;х;S;¬џ’ќƒЌќ…;S m inan acc pl
42216;8;.;.;SENT;;;;;;;;;SENT;.;PUNC
42217;;;;;;;;;;;;;;;
42218;1;јнфиса;јЌ‘»—ј;S f anim nom sg;;;а;с;и;ф;н;а;S;јЌ‘»—ј;S f anim nom sg persn
42219;2;@;@;PUNC;;;;;;;;;PUNC;@;PUNC
42220;3;Ёээ;ЁЁЁ;NONLEX;;;э;э;э;;;;NONLEX;ЁЁЁ;INTJ
42221;4;,;,;PUNC;;;;;;;;;PUNC;,;PUNC
42222;5;так;“ј ;ADV -;;;к;а;т;;;;ADV;“ј ;PARENTH
42223;6;,;,;PUNC;;;;;;;;;PUNC;,;PUNC
42224;7;сегодн€;—≈√ќƒЌя;ADV -;;;€;н;д;о;г;е;ADV;—≈√ќƒЌя;ADV -
42225;8;воскрсенье;¬ќ— –—≈Ќ№я;S f anim loc sg;;;е;ь;н;е;с;р;S;¬ќ— –—≈Ќ№≈;S f inan acc sg
42226;9;,;,;PUNC;;;;;;;;;PUNC;,;PUNC
42227;10;в;¬;PR;;;в;;;;;;PR;¬;PR
42228;11;п€тницу;ѕя“Ќ»÷ј;S f inan acc sg;;;у;ц;и;н;т;€;S;ѕя“Ќ»÷ј;S f inan acc sg
42229;12;€;я;SPRO sg 1p - nom;;;€;;;;;;SPRO;я;SPRO sg 1p anim nom
42230;13;приехала;ѕ–»≈’ј“№;V pf praet sg indic f -;;;а;л;а;х;е;и;V;ѕ–»≈’ј“№;V pf praet sg indic f -
42231;14;с;—;PR;;;с;;;;;;PR;—;PR
42232;15;учебы..;”„≈Ѕј..;S m anim dat sg;;;;;ы;б;е;ч;S;”„≈Ѕј..;S f inan gen  sg
42233;16;¬от;¬ќ“;PART;;;т;о;в;;;;PART;¬ќ“;PART
42234;17;,;,;PUNC;;;;;;;;;PUNC;,;PUNC
42235;18;сдала;—ƒј“№;V pf praet sg indic f -;;;а;л;а;д;с;;V;—ƒј“№;V pf praet sg indic f -
42236;19;зачет;«ј„≈“;S m inan acc sg;;;т;е;ч;а;з;;S;«ј„≈“;S m inan acc sg
42237;20;по;ѕќ;PR;;;о;п;;;;;PR;ѕќ;PR
42238;21;анатомии;јЌј“ќћ»я;S f inan dat sg;;;и;и;м;о;т;а;S;јЌј“ќћ»я;S f inan dat sg
42239;22;...;...;SENT;;;;;;;;;SENT;...;PUNC
42240;;;;;;;;;;;;;;;
42241;1;ѕриехала;ѕ–»≈’ј“№;V pf praet sg indic f -;;;а;л;а;х;е;и;V;ѕ–»≈’ј“№;V pf praet sg indic f -
42242;2;с;—;PR;;;с;;;;;;PR;—;PR
42243;3;учебы;”„≈Ѕј;S m inan loc sg;;;ы;б;е;ч;у;;S;”„≈Ѕј;S f inan gen sg
42244;4;и;»;CONJ;;;и;;;;;;CONJ;»;CONJ
42245;5;,;,;PUNC;;;;;;;;;PUNC;,;PUNC
42246;6;мне;я;SPRO sg 1p - loc;;;е;н;м;;;;SPRO;я;SPRO sg 1p anim dat
42247;7;кажетс€; ј«ј“№—я;V ipf praes sg indic - 3p;;;€;с;т;е;ж;а;V; ј«ј“№—я;V ipf praes sg indic - 3p
42248;8;,;,;PUNC;;;;;;;;;PUNC;,;PUNC
42249;9;€;я;SPRO sg 1p - nom;;;€;;;;;;SPRO;я;SPRO sg 1p - nom
42250;10;ничего;Ќ»„“ќ;S n - gen sg;;;о;г;е;ч;и;н;S;Ќ»„“ќ;APRO gen sg
42251;11;не;Ќ≈;PART;;;е;н;;;;;PART;Ќ≈;PART
42252;12;делала;ƒ≈Ћј“№;V ipf praet sg indic f -;;;а;л;а;л;е;д;V;ƒ≈Ћј“№;V ipf praet sg indic f -
42253;13;,;,;PUNC;;;;;;;;;PUNC;,;PUNC
42254;14;€;я;SPRO sg 1p - nom;;;€;;;;;;SPRO;я;SPRO sg 1p anim nom
42255;15;смотрела;—ћќ“–≈“№;V ipf praet sg indic f -;;;а;л;е;р;т;о;V;—ћќ“–≈“№;V ipf praet sg indic f -
42256;16;сериал;—≈–»јЋ;S m inan acc sg;;;л;а;и;р;е;с;S;—≈–»јЋ;S m inan acc sg
42257;17;&;&;PUNC;;;;;;;;;PUNC;&;PUNC
42258;18;quot;QUOT;NONLEX;;;;;;;;;NONLEX;QUOT;NONLEX
42259;19;";";";";SENT;;;;;;;;;SENT;";";SENT
42260;;;;;;;;;;;;;;;
42261;1;I;I;NUM - - -;;;;;;;;;NUM;I;NUM - - -
42262;2;zombie;ZOMBIE;NONLEX;;;;;;;;;NONLEX;ZOMBIE;NONLEX
42263;3;&;&;PUNC;;;;;;;;;PUNC;&;PUNC
42264;4;quot;QUOT;NONLEX;;;;;;;;;NONLEX;QUOT;NONLEX
42265;5;";";";";SENT;;;;;;;;;SENT;";";SENT
42266;;;;;;;;;;;;;;;
42267;1;по;ѕќ;PR;;;о;п;;;;;PR;ѕќ;PR
42268;2;нетфликсу;Ќ≈“‘Ћ» —;S f inan acc sg;;;у;с;к;и;л;ф;S;Ќ≈“‘Ћ» —;S m inan acc sg
42269;3;.;.;SENT;;;;;;;;;SENT;.;SENT
42270;;;;;;;;;;;;;;;
42271;1;Ё;Ё;INTJ;;;э;;;;;;INTJ;Ё;INTJ
42272;2;,;,;PUNC;;;;;;;;;PUNC;,;PUNC
42273;3;уже;”∆≈;ADV -;;;е;ж;у;;;;ADV;”∆≈;ADV -
42274;4;вот;¬ќ“;PART;;;т;о;в;;;;PART;¬ќ“;INTJ
42275;5;на;Ќј;PR;;;а;н;;;;;PR;Ќј;PR
42276;6;третьем;“–≈“»…;A - loc sg plen m -;;;м;е;ь;т;е;р;A;“–≈“»…;ANUM loc sg plen m -
42277;7;сезоне;—≈«ќЌ;S m inan loc sg;;;е;н;о;з;е;с;S;—≈«ќЌ;S m inan loc sg
42278;8;за;«ј;PR;;;а;з;;;;;PR;«ј;PR
42279;9;последние;ѕќ—Ћ≈ƒЌ»…;A - acc pl plen - inan;;;е;и;н;д;е;л;A;ѕќ—Ћ≈ƒЌ»…;A - acc pl plen - inan
42280;10;шесть;Ў≈—“№;NUM acc - -;;;ь;т;с;е;ш;;NUM;Ў≈—“№;NUM acc - -
42281;11;дней;ƒ≈Ќ№;S m inan gen pl;;;й;е;н;д;;;S;ƒ≈Ќ№;S m inan gen pl
42282;12;,;,;PUNC;;;;;;;;;PUNC;,;PUNC
42283;13;так что;так что;ZERO;;;о;т;ч; ;к;а;ZERO;так что;CONJ
42284;14;,;,;PUNC;;;;;;;;;PUNC;,;PUNC
42285;15;видимо;¬»ƒ»ћќ;ADV -;;;о;м;и;д;и;в;ADV;¬»ƒ»ћќ;PARENTH
42286;16;,;,;PUNC;;;;;;;;;PUNC;,;PUNC
42287;17;сериал;—≈–»јЋ;S m inan nom sg;;;л;а;и;р;е;с;S;—≈–»јЋ;S m inan nom sg
42288;18;мне;я;SPRO sg 1p - loc;;;е;н;м;;;;SPRO;я;SPRO sg 1p anim dat
42289;19;нравитс€;Ќ–ј¬»“№—я;V ipf praes sg indic - 3p;;;€;с;т;и;в;а;V;Ќ–ј¬»“№—я;V ipf praes sg indic - 3p
42290;20;.;.;SENT;;;;;;;;;SENT;.;PUNC
42291;;;;;;;;;;;;;;;
42292;1;ѕравда;ѕ–ј¬ƒј;ADV -;;;а;д;в;а;р;п;ADV;ѕ–ј¬ƒј;PARENTH
42293;2;,;,;PUNC;;;;;;;;;PUNC;,;PUNC
42294;3;€;я;SPRO sg 1p - nom;;;€;;;;;;SPRO;я;SPRO sg 1p - nom
42295;4;вот;¬ќ“;PART;;;т;о;в;;;;PART;¬ќ“;PART
42296;5;когда; ќ√ƒј;CONJ;;;а;д;г;о;к;;CONJ; ќ√ƒј;CONJ
42297;6;сплю;—ѕј“№;V ipf praes sg indic - 1p;;;ю;л;п;с;;;V;—ѕј“№;V ipf praes sg indic - 1p
42298;7;,;,;PUNC;;;;;;;;;PUNC;,;PUNC
42299;8;мне;я;SPRO sg 1p - loc;;;е;н;м;;;;SPRO;я;SPRO sg 1p anim dat
42300;9;сн€тс€;—Ќ»“№—я;V ipf praes pl indic - 3p;;;€;с;т;€;н;с;V;—Ќ»“№—я;V ipf praes pl indic - 3p
42301;10;сны;—ќЌ;S m inan nom pl;;;ы;н;с;;;;S;—ќЌ;S m inan acc pl
42302;11;,;,;PUNC;;;;;;;;;PUNC;,;PUNC
42303;12;и;»;CONJ;;;и;;;;;;CONJ;»;CONJ
42304;13;там;“јћ;ADV -;;;м;а;т;;;;ADV;“јћ;ADVPRO
42305;14;,;,;PUNC;;;;;;;;;PUNC;,;PUNC
42306;15;как бы;как бы;-;;;ы;б; ;к;а;к;-;как бы;INTJ
42307;16;,;,;PUNC;;;;;;;;;PUNC;,;PUNC
42308;17;эти;Ё“ќ“;A - nom pl plen - -;;;и;т;э;;;;A;Ё“ќ“;APRO- nom pl plen - -
42309;18;герои;√≈–ќ…;S m anim nom pl;;;и;о;р;е;г;;S;√≈–ќ…;S m inan nom pl
42310;19;,;,;PUNC;;;;;;;;;PUNC;,;PUNC
42311;20;они;ќЌ»;SPRO pl - - nom;;;и;н;о;;;;SPRO;ќЌ»;SPRO pl anim - nom
42312;21;что-то;„“ќ-“ќ;S n - acc sg;;;о;т;;о;т;ч;S;„“ќ-“ќ;SPRO n - acc sg
42313;22;дальше;ƒјЋ≈ ќ;ADV comp;;;е;ш;ь;л;а;д;ADV;ƒјЋ≈ ќ;ADV comp
42314;23;продолжают;ѕ–ќƒќЋ∆ј“№;V ipf praes pl indic - 3p;;;т;ю;а;ж;л;о;V;ѕ–ќƒќЋ∆ј“№;V ipf praes pl indic - 3p
42315;24;делать;ƒ≈Ћј“№;V ipf - - inf - -;;;ь;т;а;л;е;д;V;ƒ≈Ћј“№;V ipf - - inf - -
42316;25;,;,;PUNC;;;;;;;;;PUNC;,;PUNC
42317;26;и;»;CONJ;;;и;;;;;;CONJ;»;CONJ
42318;27;это;Ё“ќ;S n - nom sg;;;о;т;э;;;;S;Ё“ќ;SPRO n - nom sg
42319;28;получаетс€;ѕќЋ”„ј“№—я;V ipf praes sg indic - 3p;;;€;с;т;е;а;ч;V;ѕќЋ”„ј“№—я;V ipf praes sg indic - 3p
42320;29;,;,;PUNC;;;;;;;;;PUNC;,;PUNC
42321;30;как; ј ;CONJ;;;к;а;к;;;;CONJ; ј ;CONJ
42322;31;сериал;—≈–»јЋ;S m inan nom sg;;;л;а;и;р;е;с;S;—≈–»јЋ;S m inan nom sg
42323;32;продолжаетс€;ѕ–ќƒќЋ∆ј“№—я;V ipf praes sg indic - 3p;;;€;с;т;е;а;ж;V;ѕ–ќƒќЋ∆ј“№—я;V ipf praes sg indic - 3p
42324;33;вне;¬Ќ≈;PR;;;е;н;в;;;;PR;¬Ќ≈;PR
42325;34;..;..;SENT;;;;;;;;;SENT;..;PUNC
42326;;;;;;;;;;;;;;;
42327;1;»нтервьюер;»Ќ“≈–¬№ё≈–;S m anim nom sg;;;р;е;ю;ь;в;р;S;»Ќ“≈–¬№ё≈–;S m anim nom sg
42328;2;@;@;PUNC;;;;;;;;;PUNC;@;PUNC
42329;3;¬о;¬ќ;PR;;;о;в;;;;;PR;¬ќ;PR
42330;4;сне;—ќЌ;S m inan loc sg;;;е;н;с;;;;S;—ќЌ;S m inan loc sg
42331;5;?;?;SENT;;;;;;;;;SENT;?;SENT
42332;;;;;;;;;;;;;;;
42333;1;јнфиса;јЌ‘»—ј;S f anim nom sg;;;а;с;и;ф;н;а;S;јЌ‘»—ј;S f anim nom sg persn
42334;2;@...;@...;PUNC;;;;;;;;;PUNC;@...;PUNC
42335;3;вне;¬Ќ≈;PR;;;е;н;в;;;;PR;¬Ќ≈;PR
42336;4;нетфликса;Ќ≈“‘Ћ» —;S m anim acc sg;;;а;с;к;и;л;ф;S;Ќ≈“‘Ћ» —;S m inan gen sg
42337;5;,;,;PUNC;;;;;;;;;PUNC;,;PUNC
42338;6;уже;”∆≈;ADV -;;;е;ж;у;;;;ADV;”∆≈;ADV -
42339;7;в;¬;PR;;;в;;;;;;PR;¬;PR
42340;8;голове;√ќЋќ¬ј;S f inan loc sg;;;е;в;о;л;о;г;S;√ќЋќ¬ј;S f inan loc sg
42341;9;моей;ћќ…;A - gen sg plen f -;;;й;е;о;м;;;A;ћќ…;A - loc sg plen f -
42342;10;,;,;PUNC;;;;;;;;;PUNC;,;PUNC
42343;11;да;ƒј;PART;;;а;д;;;;;PART;ƒј;PART
42344;12;.;.;SENT;;;;;;;;;SENT;.;SENT
42345;;;;;;;;;;;;;;;
42346;1;»;»;CONJ;;;и;;;;;;CONJ;»;CONJ
42347;2;так;“ј ;ADV -;;;к;а;т;;;;ADV;“ј ;ADV -
42348;3;со;—ќ;PR;;;о;с;;;;;PR;—ќ;PR
42349;4;многими;ћЌќ√»…;A - ins pl plen - -;;;и;м;и;г;о;н;A;ћЌќ√»…;A - ins pl plen - -
42350;5;сериалами;—≈–»јЋ;S m inan gen sg;;;и;м;а;л;а;и;S;—≈–»јЋ;S m inan ins sg
42351;6;.;.;SENT;;;;;;;;;SENT;.;SENT
42352;;;;;;;;;;;;;;;
42353;1;&;&;PUNC;;;;;;;;;PUNC;&;PUNC
42354;2;lt;LT;NONLEX;;;;;;;;;NONLEX;LT;NONLEX
42355;3;";";";";PUNC;;;;;;;;;PUNC;";";PUNC
42356;4;distinct;DISTINCT;NONLEX;;;;;;;;;NONLEX;DISTINCT;NONLEX
42357;5;form;FORM;NONLEX;;;;;;;;;NONLEX;FORM;NONLEX
42358;6;=;=;PUNC;;;;;;;;;PUNC;=;PUNC
42359;7;&;&;PUNC;;;;;;;;;PUNC;&;PUNC
42360;8;quot;QUOT;NONLEX;;;;;;;;;NONLEX;QUOT;NONLEX
42361;9;";";";";SENT;;;;;;;;;SENT;";";SENT
42362;;;;;;;;;;;;;;;
42363;1;“ож;“ќ∆;ADV -;;;ж;о;т;;;;ADV;“ќ∆;ADV -
42364;2;&;&;PUNC;;;;;;;;;PUNC;&;PUNC
42365;3;quot;QUOT;NONLEX;;;;;;;;;NONLEX;QUOT;NONLEX
42366;4;";";";";SENT;;;;;;;;;SENT;";";SENT
42367;;;;;;;;;;;;;;;
42368;1;&;&;PUNC;;;;;;;;;PUNC;&;PUNC
42369;2;gt;GT;NONLEX;;;;;;;;;NONLEX;GT;NONLEX
42370;3;";";";";SENT;;;;;;;;;SENT;";";SENT
42371;;;;;;;;;;;;;;;
42372;1;“о;“ќ;CONJ;;;о;т;;;;;CONJ;“ќ;CONJ
42373;2;же;∆≈;PART;;;е;ж;;;;;PART;∆≈;PART
42374;3;&;&;PUNC;;;;;;;;;PUNC;&;PUNC
42375;4;lt;LT;NONLEX;;;;;;;;;NONLEX;LT;NONLEX
42376;5;";";";";SENT;;;;;;;;;SENT;";";SENT
42377;;;;;;;;;;;;;;;
42378;1;/;/;PUNC;;;;;;;;;PUNC;/;PUNC
42379;2;distinct;DISTINCT;NONLEX;;;;;;;;;NONLEX;DISTINCT;NONLEX
42380;3;&;&;PUNC;;;;;;;;;PUNC;&;PUNC
42381;4;gt;GT;NONLEX;;;;;;;;;NONLEX;GT;NONLEX
42382;5;";";";";SENT;;;;;;;;;SENT;";";SENT
42383;;;;;;;;;;;;;;;
42384;1;самое;—јћџ…;A - nom sg plen n -;;;е;о;м;а;с;;A;—јћџ…;A - nom sg plen n -
42385;2;было;Ѕџ“№;V ipf praet sg indic n -;;;о;л;ы;б;;;V;Ѕџ“№;V ipf praet sg indic n -
42386;3;с;—;PR;;;с;;;;;;PR;—;PR
42387;4;&;&;PUNC;;;;;;;;;PUNC;&;PUNC
42388;5;quot;QUOT;NONLEX;;;;;;;;;NONLEX;QUOT;NONLEX
42389;6;";";";";PUNC;;;;;;;;;PUNC;";";PUNC
42390;7;отча€нными;ќ“„јяЌЌџ…;A - ins pl plen - -;;;и;м;ы;н;н;€;A;ќ“„јяЌЌџ…;A - ins pl plen - -
42391;8;домохоз€йками;ƒќћќ’ќ«я… ј;S m inan ins pl;;;и;м;а;к;й;€;S;ƒќћќ’ќ«я… ј;S f anim ins pl
42392;9;&;&;PUNC;;;;;;;;;PUNC;&;PUNC
42393;10;quot;QUOT;NONLEX;;;;;;;;;NONLEX;QUOT;NONLEX
42394;11;";";";";SENT;;;;;;;;;SENT;";";SENT
42395;;;;;;;;;;;;;;;
42396;1;,;,;PUNC;;;;;;;;;PUNC;,;PUNC
42397;2;которых..; ќ“ќ–џ…..;A - loc pl plen - -;;;;;х;ы;р;о;A; ќ“ќ–џ…..;A - loc pl plen - -
42398;3;мо€;ћќ…;A - nom sg plen f -;;;€;о;м;;;;A;ћќ…;A - nom sg plen f -
42399;4;голова;√ќЋќ¬ј;S f inan nom sg;;;а;в;о;л;о;г;S;√ќЋќ¬ј;S f inan nom sg
42400;5;во;¬ќ;PR;;;о;в;;;;;PR;¬ќ;PR
42401;6;сне;—ќЌ;S m inan loc sg;;;е;н;с;;;;S;—ќЌ;S m inan loc sg
42402;7;объединила;ќЅЏ≈ƒ»Ќ»“№;V pf praet sg indic f -;;;а;л;и;н;и;д;V;ќЅЏ≈ƒ»Ќ»“№;V pf praet sg indic f -
42403;8;&;&;PUNC;;;;;;;;;PUNC;&;PUNC
42404;9;quot;QUOT;NONLEX;;;;;;;;;NONLEX;QUOT;NONLEX
42405;10;";";";";PUNC;;;;;;;;;PUNC;";";PUNC
42406;11;отча€нные;ќ“„јяЌЌџ…;A - nom pl plen - -;;;е;ы;н;н;€;а;A;ќ“„јяЌЌџ…;A - nom pl plen - -
42407;12;домохоз€йки;ƒќћќ’ќ«я… ј;S f anim nom pl;;;и;к;й;€;з;о;S;ƒќћќ’ќ«я… ј;S f anim nom pl
42408;13;&;&;PUNC;;;;;;;;;PUNC;&;PUNC
42409;14;quot;QUOT;NONLEX;;;;;;;;;NONLEX;QUOT;NONLEX
42410;15;";";";";SENT;;;;;;;;;SENT;";";SENT
42411;;;;;;;;;;;;;;;
42412;1;и;»;CONJ;;;и;;;;;;CONJ;»;CONJ
42413;2;&;&;PUNC;;;;;;;;;PUNC;&;PUNC
42414;3;quot;QUOT;NONLEX;;;;;;;;;NONLEX;QUOT;NONLEX
42415;4;";";";";PUNC;;;;;;;;;PUNC;";";PUNC
42416;5;the;THE;NONLEX;;;;;;;;;NONLEX;THE;NONLEX
42417;6;reign;REIGN;NONLEX;;;;;;;;;NONLEX;REIGN;NONLEX
42418;7;&;&;PUNC;;;;;;;;;PUNC;&;PUNC
42419;8;quot;QUOT;NONLEX;;;;;;;;;NONLEX;QUOT;NONLEX
42420;9;";";";";SENT;;;;;;;;;SENT;";";SENT
42421;;;;;;;;;;;;;;;
42422;1;»;»;PART;;;и;;;;;;PART;»;PART
42423;2;,;,;PUNC;;;;;;;;;PUNC;,;PUNC
42424;3;&;&;PUNC;;;;;;;;;PUNC;&;PUNC
42425;4;lt;LT;NONLEX;;;;;;;;;NONLEX;LT;NONLEX
42426;5;";";";";PUNC;;;;;;;;;PUNC;";";PUNC
42427;6;distinct;DISTINCT;NONLEX;;;;;;;;;NONLEX;DISTINCT;NONLEX
42428;7;form;FORM;NONLEX;;;;;;;;;NONLEX;FORM;NONLEX
42429;8;=;=;PUNC;;;;;;;;;PUNC;=;PUNC
42430;9;&;&;PUNC;;;;;;;;;PUNC;&;PUNC
42431;10;quot;QUOT;NONLEX;;;;;;;;;NONLEX;QUOT;NONLEX
42432;11;";";";";PUNC;;;;;;;;;PUNC;";";PUNC
42433;12;тоисть;“ќ»—“№;S f inan acc sg;distort;;ь;т;с;и;о;т;S;“ќ ≈—“№;CONJ
42434;13;&;&;PUNC;;;;;;;;;PUNC;&;PUNC
42435;14;quot;QUOT;NONLEX;;;;;;;;;NONLEX;QUOT;NONLEX
42436;15;";";";";SENT;;;;;;;;;SENT;";";SENT
42437;;;;;;;;;;;;;;;
42438;1;&;&;PUNC;;;;;;;;;PUNC;&;PUNC
42439;2;gt;GT;NONLEX;;;;;;;;;NONLEX;GT;NONLEX
42440;3;";";";";PUNC;;;;;;;;;PUNC;";";PUNC
42441;4;то есть;то есть;-;;;ь;т;с;е; ;о;-;то есть;CONJ
42442;5;&;&;PUNC;;;;;;;;;PUNC;&;PUNC
42443;6;lt;LT;NONLEX;;;;;;;;;NONLEX;LT;NONLEX
42444;7;";";";";SENT;;;;;;;;;SENT;";";SENT
42445;;;;;;;;;;;;;;;
42446;1;/;/;PUNC;;;;;;;;;PUNC;/;PUNC
42447;2;distinct;DISTINCT;NONLEX;;;;;;;;;NONLEX;DISTINCT;NONLEX
42448;3;&;&;PUNC;;;;;;;;;PUNC;&;PUNC
42449;4;gt;GT;NONLEX;;;;;;;;;NONLEX;GT;NONLEX
42450;5;";";";";SENT;;;;;;;;;SENT;";";SENT
42451;;;;;;;;;;;;;;;
42452;1;,;,;PUNC;;;;;;;;;PUNC;,;PUNC
42453;2;у;”;PR;;;у;;;;;;PR;”;PR
42454;3;мен€;я;SPRO sg 1p - acc;;;€;н;е;м;;;SPRO;я;SPRO sg 1p - gen
42455;4;была;Ѕџ“№;V ipf praet sg indic f -;;;а;л;ы;б;;;V;Ѕџ“№;V ipf praet sg indic f -
42456;5;королева; ќ–ќЋ≈¬ј;S f anim nom sg;;;а;в;е;л;о;р;S; ќ–ќЋ≈¬ј;S f anim nom sg
42457;6;Ўотландии;Ўќ“ЋјЌƒ»я;S f inan gen sg;;;и;и;д;н;а;л;S;Ўќ“ЋјЌƒ»я;S f inan gen sg
42458;7;,;,;PUNC;;;;;;;;;PUNC;,;PUNC
42459;8;котора€; ќ“ќ–џ…;A - nom sg plen f -;;;€;а;р;о;т;о;A; ќ“ќ–џ…;APRO nom sg plen f -
42460;9;бьет;Ѕ»“№;V ipf praes sg indic - 3p;;;т;е;ь;б;;;V;Ѕ»“№;V ipf praes sg indic - 3p
42461;10;сковородкой;— ќ¬ќ–ќƒ ј;S f inan ins sg;;;й;о;к;д;о;р;S;— ќ¬ќ–ќƒ ј;S f inan ins sg
42462;11;другую;ƒ–”√ќ…;A - acc sg plen f -;;;ю;у;г;у;р;д;A;ƒ–”√ќ…;A - acc sg plen f -
42463;12;бабу;ЅјЅј;S f anim acc sg;;;у;б;а;б;;;S;ЅјЅј;S f anim acc sg
42464;13;..;..;SENT;;;;;;;;;SENT;..;SENT
42465;;;;;;;;;;;;;;;
42466;1;Ќу;Ќ”;PART;;;у;н;;;;;PART;Ќ”;PART
42467;2;,;,;PUNC;;;;;;;;;PUNC;,;PUNC
42468;3;в;¬;PR;;;в;;;;;;PR;¬;PR
42469;4;таком;“ј ќ…;A - loc sg plen m -;;;м;о;к;а;т;;A;“ј ќ…;APRO loc sg plen m -
42470;5;духе;ƒ”’;S m inan loc sg;;;е;х;у;д;;;S;ƒ”’;S m inan loc sg
42471;6;,;,;PUNC;;;;;;;;;PUNC;,;PUNC
42472;7;понимаете;ѕќЌ»ћј“№;V ipf praes pl indic - 2p;;;е;т;е;а;м;и;V;ѕќЌ»ћј“№;V ipf praes pl indic - 2p
42473;8;,;,;PUNC;;;;;;;;;PUNC;,;PUNC
42474;9;&;&;PUNC;;;;;;;;;PUNC;&;PUNC
42475;10;quot;QUOT;NONLEX;;;;;;;;;NONLEX;QUOT;NONLEX
42476;11;";";";";PUNC;;;;;;;;;PUNC;";";PUNC
42477;12;отча€нные;ќ“„јяЌЌџ…;A - nom pl plen - -;;;е;ы;н;н;€;а;A;ќ“„јяЌЌџ…;A - nom pl plen - -
42478;13;домохоз€йки;ƒќћќ’ќ«я… ј;S f anim nom pl;;;и;к;й;€;з;о;S;ƒќћќ’ќ«я… ј;S f anim nom pl
42479;14;&;&;PUNC;;;;;;;;;PUNC;&;PUNC
42480;15;quot;QUOT;NONLEX;;;;;;;;;NONLEX;QUOT;NONLEX
42481;16;";";";";SENT;;;;;;;;;SENT;";";SENT
42482;;;;;;;;;;;;;;;
42483;1;и...;»...;CONJ;;;;;;и;;;CONJ;»...;CONJ
42484;2;царство;÷ј–—“¬ќ;S n inan acc sg;;;о;в;т;с;р;а;S;÷ј–—“¬ќ;S n inan nom sg
42485;3;.;.;SENT;;;;;;;;;SENT;.;SENT
42486;;;;;;;;;;;;;;;
42487;1;&;&;PUNC;;;;;;;;;PUNC;&;PUNC
42488;2;lt;LT;NONLEX;;;;;;;;;NONLEX;LT;NONLEX
42489;3;";";";";PUNC;;;;;;;;;PUNC;";";PUNC
42490;4;distinct;DISTINCT;NONLEX;;;;;;;;;NONLEX;DISTINCT;NONLEX
42491;5;form;FORM;NONLEX;;;;;;;;;NONLEX;FORM;NONLEX
42492;6;=;=;PUNC;;;;;;;;;PUNC;=;PUNC
42493;7;&;&;PUNC;;;;;;;;;PUNC;&;PUNC
42494;8;quot;QUOT;NONLEX;;;;;;;;;NONLEX;QUOT;NONLEX
42495;9;";";";";SENT;;;;;;;;;SENT;";";SENT
42496;;;;;;;;;;;;;;;
42497;1;¬ооот;¬ќќќ“;S n inan nonflex nonflex;distort;;т;о;о;о;в;;S;¬ќ“;INTJ
42498;2;&;&;PUNC;;;;;;;;;PUNC;&;PUNC
42499;3;quot;QUOT;NONLEX;;;;;;;;;NONLEX;QUOT;NONLEX
42500;4;";";";";SENT;;;;;;;;;SENT;";";SENT
42501;;;;;;;;;;;;;;;
42502;1;&;&;PUNC;;;;;;;;;PUNC;&;PUNC
42503;2;gt;GT;NONLEX;;;;;;;;;NONLEX;GT;NONLEX
42504;3;";";";";SENT;;;;;;;;;SENT;";";SENT
42505;;;;;;;;;;;;;;;
42506;1;¬от;¬ќ“;PART;;;т;о;в;;;;PART;¬ќ“;INTJ
42507;2;&;&;PUNC;;;;;;;;;PUNC;&;PUNC
42508;3;lt;LT;NONLEX;;;;;;;;;NONLEX;LT;NONLEX
42509;4;";";";";SENT;;;;;;;;;SENT;";";SENT
42510;;;;;;;;;;;;;;;
42511;1;/;/;PUNC;;;;;;;;;PUNC;/;PUNC
42512;2;distinct;DISTINCT;NONLEX;;;;;;;;;NONLEX;DISTINCT;NONLEX
42513;3;&;&;PUNC;;;;;;;;;PUNC;&;PUNC
42514;4;gt;GT;NONLEX;;;;;;;;;NONLEX;GT;NONLEX
42515;5;";";";";SENT;;;;;;;;;SENT;";";SENT
42516;;;;;;;;;;;;;;;
42517;1;,;,;PUNC;;;;;;;;;PUNC;,;PUNC
42518;2;а;ј;CONJ;;;а;;;;;;CONJ;ј;CONJ
42519;3;из-за;»«-«ј;PR;;;а;з;;з;и;;PR;»«-«ј;PR
42520;4;&;&;PUNC;;;;;;;;;PUNC;&;PUNC
42521;5;quot;QUOT;NONLEX;;;;;;;;;NONLEX;QUOT;NONLEX
42522;6;";";";";SENT;;;;;;;;;SENT;";";SENT
42523;;;;;;;;;;;;;;;
42524;1;I;I;NUM - - -;;;;;;;;;NUM;I;SPRO sg 1p anim nom
42525;2;zombie;ZOMBIE;NONLEX;;;;;;;;;NONLEX;ZOMBIE;S 0
42526;3;&;&;PUNC;;;;;;;;;PUNC;&;PUNC
42527;4;quot;QUOT;NONLEX;;;;;;;;;NONLEX;QUOT;NONLEX
42528;5;";";";";SENT;;;;;;;;;SENT;";";SENT
42529;;;;;;;;;;;;;;;
42530;1;вчера;¬„≈–ј;ADV -;;;а;р;е;ч;в;;ADV;¬„≈–ј;ADV -
42531;2;€;я;SPRO sg 1p - nom;;;€;;;;;;SPRO;я;SPRO sg 1p anim nom
42532;3;,;,;PUNC;;;;;;;;;PUNC;,;PUNC
42533;4;вот;¬ќ“;PART;;;т;о;в;;;;PART;¬ќ“;PART
42534;5;,;,;PUNC;;;;;;;;;PUNC;,;PUNC
42535;6;например;Ќјѕ–»ћ≈–;ADV -;;;р;е;м;и;р;п;ADV;Ќјѕ–»ћ≈–;ADV -
42536;7;,;,;PUNC;;;;;;;;;PUNC;,;PUNC
42537;8;ела;≈—“№;V ipf praet sg indic f -;;;а;л;е;;;;V;≈—“№;V ipf praet sg indic f -
42538;9;замороженную;«јћќ–ќ«»“№;PARTCP pf praet acc sg plen f pass -;;;ю;у;н;н;е;ж;PARTCP;«јћќ–ќ«»“№;PARTCP pf praet acc sg plen f pass -
42539;10;лазанью;Ћј«јЌ№≈;S n inan dat sg;;;ю;ь;н;а;з;а;S;Ћј«јЌ№я;S f inan acc sg
42540;11;из;»«;PR;;;з;и;;;;;PR;»«;PR
42541;12;микроволновки;ћ» –ќ¬ќЋЌќ¬ ј;S f inan nom pl;;;и;к;в;о;н;л;S;ћ» –ќ¬ќЋЌќ¬ ј;S f inan gen pl
42542;13;.;.;SENT;;;;;;;;;SENT;.;SENT
42543;;;;;;;;;;;;;;;
42544;1;¬от;¬ќ“;PART;;;т;о;в;;;;PART;¬ќ“;PART
42545;2;€;я;SPRO sg 1p - nom;;;€;;;;;;SPRO;я;SPRO sg 1p anim nom
42546;3;ее;ќЌј;SPRO sg 3p f acc;;;е;е;;;;;SPRO;ќЌј;SPRO sg 3p f gen
42547;4;ем;≈—“№;V ipf praes sg indic - 1p;;;м;е;;;;;V;≈—“№;V ipf praes sg indic - 1p
42548;5;-;-;PUNC;;;;;;;;;PUNC;-;PUNC
42549;6;ем;≈—“№;V ipf praes sg indic - 1p;;;м;е;;;;;V;≈—“№;V ipf praes sg indic - 1p
42550;7;,;,;PUNC;;;;;;;;;PUNC;,;PUNC
42551;8;и;»;CONJ;;;и;;;;;;CONJ;»;CONJ
42552;9;у;”;PR;;;у;;;;;;PR;”;PR
42553;10;мен€;я;SPRO sg 1p - acc;;;€;н;е;м;;;SPRO;я;SPRO sg 1p anin gen
42554;11;такое;“ј ќ…;A - nom sg plen n -;;;е;о;к;а;т;;A;“ј ќ…;A - acc sg plen n -
42555;12;странное;—“–јЌЌџ…;A - nom sg plen n -;;;е;о;н;н;а;р;A;—“–јЌЌџ…;A - acc sg plen n -
42556;13;ощущение;ќў”ў≈Ќ»≈;S n inan nom sg;;;е;и;н;е;щ;у;S;ќў”ў≈Ќ»≈;S n inan acc sg
42557;14;,;,;PUNC;;;;;;;;;PUNC;,;PUNC
42558;15;что;„“ќ;CONJ;;;о;т;ч;;;;CONJ;„“ќ;CONJ
42559;16;€;я;SPRO sg 1p - nom;;;€;;;;;;SPRO;я;SPRO sg 1p anim nom
42560;17;ем;≈—“№;V ipf praes sg indic - 1p;;;м;е;;;;;V;≈—“№;V ipf praes sg indic - 1p
42561;18;мозги..;ћќ«√»..;S - inan acc pl;;;;;и;г;з;о;S;ћќ«√»..;S - inan acc pl
42562;19;человеческие;„≈Ћќ¬≈„≈— »…;A - nom pl plen - -;;;е;и;к;с;е;ч;A;„≈Ћќ¬≈„≈— »…;A - nom pl plen - -
42563;20;.;.;SENT;;;;;;;;;SENT;.;SENT
42564;;;;;;;;;;;;;;;
42565;1;ѕотому что;ѕотому что;ZERO;;;о;т;ч; ;у;м;ZERO;ѕотому что;CONJ
42566;2;в;¬;PR;;;в;;;;;;PR;¬;PR
42567;3;сериале;—≈–»јЋ;S m inan loc sg;;;е;л;а;и;р;е;S;—≈–»јЋ;S m inan loc sg
42568;4;вот;¬ќ“;PART;;;т;о;в;;;;PART;¬ќ“;PART
42569;5;она;ќЌј;SPRO sg 3p f nom;;;а;н;о;;;;SPRO;ќЌј;SPRO sg 3p f nom
42570;6;посто€нно;ѕќ—“ќяЌЌќ;ADV -;;;о;н;н;€;о;т;ADV;ѕќ—“ќяЌЌќ;ADV -
42571;7;,;,;PUNC;;;;;;;;;PUNC;,;PUNC
42572;8;типо;“»ѕќ;S m anim nonflex nonflex;distort;;о;п;и;т;;;S;“»ѕќ;PARENTH
42573;9;,;,;PUNC;;;;;;;;;PUNC;,;PUNC
42574;10;главна€;√Ћј¬Ќџ…;A - nom sg plen f -;;;€;а;н;в;а;л;A;√Ћј¬Ќџ…;A - nom sg plen f -
42575;11;героин€;√≈–ќ»Ќя;S f anim nom sg;;;€;н;и;о;р;е;S;√≈–ќ»Ќя;S f anim nom sg
42576;12;,;,;PUNC;;;;;;;;;PUNC;,;PUNC
42577;13;она;ќЌј;SPRO sg 3p f nom;;;а;н;о;;;;SPRO;ќЌј;SPRO sg 3p f nom
42578;14;готовит;√ќ“ќ¬»“№;V ipf praes sg indic - 3p;;;т;и;в;о;т;о;V;√ќ“ќ¬»“№;V ipf praes sg indic - 3p
42579;15;себе;—≈Ѕя;SPRO - - - loc;;;е;б;е;с;;;SPRO;—≈Ѕя;SPRO - - - dat
42580;16;блюда;ЅЋёƒќ;S n inan gen sg;;;а;д;ю;л;б;;S;ЅЋёƒќ;S n inan gen pl
42581;17;с;—;PR;;;с;;;;;;PR;—;PR
42582;18;мозгами..;ћќ«√»..;S m inan gen sg;;;;;и;м;а;г;S;ћќ«√»..;S m inan gen pl
42583;19;»;»;CONJ;;;и;;;;;;CONJ;»;CONJ
42584;20;вот;¬ќ“;PART;;;т;о;в;;;;PART;¬ќ“;PART
42585;21;она;ќЌј;SPRO sg 3p f nom;;;а;н;о;;;;SPRO;ќЌј;SPRO sg 3p f nom
42586;22;их;ќЌ»;SPRO pl - - acc;;;х;и;;;;;SPRO;ќЌ»;SPRO pl - - acc
42587;23;&;&;PUNC;;;;;;;;;PUNC;&;PUNC
42588;24;lt;LT;NONLEX;;;;;;;;;NONLEX;LT;NONLEX
42589;25;";";";";PUNC;;;;;;;;;PUNC;";";PUNC
42590;26;distinct;DISTINCT;NONLEX;;;;;;;;;NONLEX;DISTINCT;NONLEX
42591;27;form;FORM;NONLEX;;;;;;;;;NONLEX;FORM;NONLEX
42592;28;=;=;PUNC;;;;;;;;;PUNC;=;PUNC
42593;29;&;&;PUNC;;;;;;;;;PUNC;&;PUNC
42594;30;quot;QUOT;NONLEX;;;;;;;;;NONLEX;QUOT;NONLEX
42595;31;";";";";PUNC;;;;;;;;;PUNC;";";PUNC
42596;32;чЄта;„≈“ј;S f inan nom sg;distort;;а;т;Є;ч;;;S;„≈“ј;SPRO inan acc sg
42597;33;&;&;PUNC;;;;;;;;;PUNC;&;PUNC
42598;34;quot;QUOT;NONLEX;;;;;;;;;NONLEX;QUOT;NONLEX
42599;35;";";";";SENT;;;;;;;;;SENT;";";SENT
42600;;;;;;;;;;;;;;;
42601;1;&;&;PUNC;;;;;;;;;PUNC;&;PUNC
42602;2;gt;GT;NONLEX;;;;;;;;;NONLEX;GT;NONLEX
42603;3;";";";";PUNC;;;;;;;;;PUNC;";";PUNC
42604;4;что-то;„“ќ-“ќ;S n inan nom sg;;;о;т;;о;т;ч;S;„“ќ-“ќ;SPRO inan acc sg
42605;5;&;&;PUNC;;;;;;;;;PUNC;&;PUNC
42606;6;lt;LT;NONLEX;;;;;;;;;NONLEX;LT;NONLEX
42607;7;";";";";SENT;;;;;;;;;SENT;";";SENT
42608;;;;;;;;;;;;;;;
42609;1;/;/;PUNC;;;;;;;;;PUNC;/;PUNC
42610;2;distinct;DISTINCT;NONLEX;;;;;;;;;NONLEX;DISTINCT;NONLEX
42611;3;&;&;PUNC;;;;;;;;;PUNC;&;PUNC
42612;4;gt;GT;NONLEX;;;;;;;;;NONLEX;GT;NONLEX
42613;5;";";";";SENT;;;;;;;;;SENT;";";SENT
42614;;;;;;;;;;;;;;;
42615;1;интересное;»Ќ“≈–≈—Ќџ…;A - nom sg plen n -;;;е;о;н;с;е;р;A;»Ќ“≈–≈—Ќџ…;A - acc sg plen n -
42616;2;делает;ƒ≈Ћј“№;V ipf praes sg indic - 3p;;;т;е;а;л;е;д;V;ƒ≈Ћј“№;V ipf praes sg indic - 3p
42617;3;,;,;PUNC;;;;;;;;;PUNC;,;PUNC
42618;4;и;»;CONJ;;;и;;;;;;CONJ;»;CONJ
42619;5;€;я;SPRO sg 1p - nom;;;€;;;;;;SPRO;я;SPRO sg 1p anim nom
42620;6;была;Ѕџ“№;V ipf praet sg indic f -;;;а;л;ы;б;;;V;Ѕџ“№;V ipf praet sg indic f -
42621;7;уверена;”¬≈–≈ЌЌџ…;A - - sg brev f -;;;а;н;е;р;е;в;A;”¬≈–≈ЌЌџ…;A - - sg brev f -
42622;8;,;,;PUNC;;;;;;;;;PUNC;,;PUNC
42623;9;что;„“ќ;CONJ;;;о;т;ч;;;;CONJ;„“ќ;CONJ
42624;10;в;¬;PR;;;в;;;;;;PR;¬;PR
42625;11;этой;Ё“ќ“;A - loc sg plen f -;;;й;о;т;э;;;A;Ё“ќ“;APRO - loc sg plen f -
42626;12;лазанье;Ћј«јЌ№≈;S f inan loc sg;;;е;ь;н;а;з;а;S;Ћј«јЌ№≈;S f inan loc sg
42627;13;есть;Ѕџ“№;V ipf praes sg indic - 3p;;;ь;т;с;е;;;V;Ѕџ“№;V ipf praes sg indic - 3p
42628;14;что-то;„“ќ-“ќ;S n - nom sg;;;о;т;;о;т;ч;S;„“ќ-“ќ;SPRO - - acc sg
42629;15;похожее;ѕќ’ќ∆»…;A - nom sg plen n -;;;е;е;ж;о;х;о;A;ѕќ’ќ∆»…;A - acc sg plen n -
42630;16;на;Ќј;PR;;;а;н;;;;;PR;Ќј;PR
42631;17;мозги;ћќ«√»;S - inan acc pl;;;и;г;з;о;м;;S;ћќ«√»;S - inan acc pl
42632;18;,;,;PUNC;;;;;;;;;PUNC;,;PUNC
42633;19;то есть;то есть;-;;;ь;т;с;е; ;о;-;то есть;SPRO n inan nom ag + V tran ipf 3p sg indic
42634;20;чувство;„”¬—“¬ќ;S n inan nom sg;;;о;в;т;с;в;у;S;„”¬—“¬ќ;S n inan nom sg
42635;21;было;Ѕџ“№;V ipf praet sg indic n -;;;о;л;ы;б;;;V;Ѕџ“№;V ipf praet sg indic n -
42636;22;..;..;SENT;;;;;;;;;SENT;..;SENT
42637;;;;;;;;;;;;;;;
42638;1;»нтервьюер;»Ќ“≈–¬№ё≈–;S m anim nom sg;;;р;е;ю;ь;в;р;S;»Ќ“≈–¬№ё≈–;S m anim nom sg
42639;2;@;@;PUNC;;;;;;;;;PUNC;@;PUNC
42640;3;ћ€со;ћя—ќ;S n inan nom sg;;;о;с;€;м;;;S;ћя—ќ;S n inan nom sg
42641;4;,;,;PUNC;;;;;;;;;PUNC;,;PUNC
42642;5;да;ƒј;PART;;;а;д;;;;;PART;ƒј;PART
42643;6;?;?;SENT;;;;;;;;;SENT;?;SENT
42644;;;;;;;;;;;;;;;
42645;1;јнфиса;јЌ‘»—ј;S f anim nom sg;;;а;с;и;ф;н;а;S;јЌ‘»—ј;S f anim nom sg
42646;2;@;@;PUNC;;;;;;;;;PUNC;@;PUNC
42647;3;“ам;“јћ;ADV -;;;м;а;т;;;;ADV;“јћ;ADV -
42648;4;был;Ѕџ“№;V ipf praet sg indic m -;;;л;ы;б;;;;V;Ѕџ“№;V ipf praet sg indic m -
42649;5;бекон;Ѕ≈ ќЌ;S m inan acc sg;;;н;о;к;е;б;;S;Ѕ≈ ќЌ;S m inan acc sg
42650;6;,;,;PUNC;;;;;;;;;PUNC;,;PUNC
42651;7;да;ƒј;PART;;;а;д;;;;;PART;ƒј;PART
42652;8;.;.;SENT;;;;;;;;;SENT;.;SENT
42653;;;;;;;;;;;;;;;
42654;1;»;»;CONJ;;;и;;;;;;CONJ;»;CONJ
42655;2;вот;¬ќ“;PART;;;т;о;в;;;;PART;¬ќ“;PART
42656;3;именно;»ћ≈ЌЌќ;PART;;;о;н;н;е;м;и;PART;»ћ≈ЌЌќ;PART
42657;4;он;ќЌ;SPRO sg 3p m nom;;;н;о;;;;;SPRO;ќЌ;SPRO inan sg 3p m nom
42658;5;был;Ѕџ“№;V ipf praet sg indic m -;;;л;ы;б;;;;V;Ѕџ“№;V ipf praet sg indic m -
42659;6;похож;ѕќ’ќ∆»…;A - - sg brev m -;;;ж;о;х;о;п;;A;ѕќ’ќ∆»…;A - - sg brev m -
42660;7;,;,;PUNC;;;;;;;;;PUNC;,;PUNC
42661;8;это;Ё“ќ;S n - nom sg;;;о;т;э;;;;S;Ё“ќ;SPRO n - nom sg
42662;9;было;Ѕџ“№;V ipf praet sg indic n -;;;о;л;ы;б;;;V;Ѕџ“№;V ipf praet sg indic n -
42663;10;очень;ќ„≈Ќ№;ADV -;;;ь;н;е;ч;о;;ADV;ќ„≈Ќ№;ADV -
42664;11;странно;—“–јЌЌќ;ADV -;;;о;н;н;а;р;т;ADV;—“–јЌЌќ;ADV -
42665;12;.;.;SENT;;;;;;;;;SENT;.;SENT
42666;;;;;;;;;;;;;;;
42667;1;ѕричем;ѕ–»„≈ћ;CONJ;;;м;е;ч;и;р;п;CONJ;ѕ–»„≈ћ;CONJ
42668;2;€;я;SPRO sg 1p - nom;;;€;;;;;;SPRO;я;SPRO sg 1p anim nom
42669;3;отдавала;ќ“ƒј¬ј“№;V ipf praet sg indic f -;;;а;л;а;в;а;д;V;ќ“ƒј¬ј“№;V ipf praet sg indic f -
42670;4;себе;—≈Ѕя;SPRO - - - loc;;;е;б;е;с;;;SPRO;—≈Ѕя;SPRO - - - dat
42671;5;отчет;ќ“„≈“;S m inan nom sg;;;т;е;ч;т;о;;S;ќ“„≈“;S m inan acc sg
42672;6;,;,;PUNC;;;;;;;;;PUNC;,;PUNC
42673;7;как бы;как бы;-;;;ы;б; ;к;а;к;-;как бы;SPRO + PART
42674;8;,;,;PUNC;;;;;;;;;PUNC;,;PUNC
42675;9;что;„“ќ;CONJ;;;о;т;ч;;;;CONJ;„“ќ;CONJ
42676;10;это;Ё“ќ;S n - nom sg;;;о;т;э;;;;S;Ё“ќ;SPRO n - nom sg
42677;11;вообще;¬ќќЅў≈;ADV -;;;е;щ;б;о;о;в;ADV;¬ќќЅў≈;ADV -
42678;12;нереально;Ќ≈–≈јЋ№Ќќ;ADV -;;;о;н;ь;л;а;е;ADV;Ќ≈–≈јЋ№Ќќ;ADV -
42679;13;,;,;PUNC;;;;;;;;;PUNC;,;PUNC
42680;14;это;Ё“ќ;S n - nom sg;;;о;т;э;;;;S;Ё“ќ;SPRO n - nom sg
42681;15;все;¬≈—№;A - nom pl plen - -;;;е;с;в;;;;A;¬≈—№;APRO inan nom pl plen - -
42682;16;из-за;»«-«ј;PR;;;а;з;;з;и;;PR;»«-«ј;PR
42683;17;сериала;—≈–»јЋ;S m inan gen sg;;;а;л;а;и;р;е;S;—≈–»јЋ;S m inan gen sg
42684;18;,;,;PUNC;;;;;;;;;PUNC;,;PUNC
42685;19;но;Ќќ;CONJ;;;о;н;;;;;CONJ;Ќќ;CONJ
42686;20;€;я;SPRO sg 1p - nom;;;€;;;;;;SPRO;я;SPRO sg 1p anim nom
42687;21;вот;¬ќ“;PART;;;т;о;в;;;;PART;¬ќ“;PART
42688;22;реально;–≈јЋ№Ќќ;ADV -;;;о;н;ь;л;а;е;ADV;–≈јЋ№Ќќ;ADV -
42689;23;каждый; ј∆ƒџ…;A - nom sg plen m -;;;й;ы;д;ж;а;к;A; ј∆ƒџ…;A - nom sg plen m -
42690;24;раз;–ј«;S m inan nom sg;;;з;а;р;;;;S;–ј«;S m inan nom sg
42691;25;клала; Ћј—“№;V ipf praet sg indic f -;;;а;л;а;л;к;;V; Ћј—“№;V ipf praet sg indic f -
42692;26;вилку;¬»Ћ ј;S f inan acc sg;;;у;к;л;и;в;;S;¬»Ћ ј;S f inan acc sg
42693;27;в;¬;PR;;;в;;;;;;PR;¬;PR
42694;28;рот;–ќ“;S m inan acc sg;;;т;о;р;;;;S;–ќ“;S m inan acc sg
42695;29;,;,;PUNC;;;;;;;;;PUNC;,;PUNC
42696;30;и;»;CONJ;;;и;;;;;;CONJ;»;CONJ
42697;31;така€;“ј ќ…;A - nom sg plen f -;;;€;а;к;а;т;;A;“ј ќ…;SPRO anim - nom sg  f -
42698;32;:;:;PUNC;;;;;;;;;PUNC;:;PUNC
42699;33;бл€;ЅЋя;INTJ;;;€;л;б;;;;INTJ;ЅЋя;INTJ
42700;34;,;,;PUNC;;;;;;;;;PUNC;,;PUNC
42701;35;почему;ѕќ„≈ћ”;ADV -;;;у;м;е;ч;о;п;ADV;ѕќ„≈ћ”;CONJ
42702;36;так;“ј ;ADV -;;;к;а;т;;;;ADV;“ј ;ADV -
42703;37;странно;—“–јЌЌќ;ADV -;;;о;н;н;а;р;т;ADV;—“–јЌЌќ;ADV -
42704;38;,;,;PUNC;;;;;;;;;PUNC;,;PUNC
42705;39;словно;—Ћќ¬Ќќ;CONJ;;;о;н;в;о;л;с;CONJ;—Ћќ¬Ќќ;CONJ
42706;40;€;я;SPRO sg 1p - nom;;;€;;;;;;SPRO;я;SPRO sg 1p anim nom
42707;41;ем;≈—“№;V ipf praes sg indic - 1p;;;м;е;;;;;V;≈—“№;V ipf praes sg indic - 1p
42708;42;мозги;ћќ«√»;S - inan acc pl;;;и;г;з;о;м;;S;ћќ«√»;S - inan acc pl
42709;43;?..;?..;PUNC;;;;;;;;;PUNC;?..;PUNC
42710;44;¬от;¬ќ“;PART;;;т;о;в;;;;PART;¬ќ“;PART
42711;45;такие;“ј ќ…;A - nom pl plen - -;;;е;и;к;а;т;;A;“ј ќ…;APRO - nom pl plen - -
42712;46;выходные;¬џ’ќƒЌќ…;S m inan nom pl;;;е;ы;н;д;о;х;S;¬џ’ќƒЌќ…;S m inan nom pl
42713;47;.;.;SENT;;;;;;;;;SENT;.;SENT
42714;;;;;;;;;;;;;;;
42715;1;Ём;Ёћ;S n inan nonflex nonflex;;;м;э;;;;;S;Ёћ;S n inan nonflex nonflex
42716;2;,;,;PUNC;;;;;;;;;PUNC;,;PUNC
42717;3;к; ;PR;;;к;;;;;;PR; ;PARENTH
42718;4;сожалению;—ќ∆јЋ≈Ќ»≈;S n inan dat sg;;;ю;и;н;е;л;а;S;—ќ∆јЋ≈Ќ»≈;PARENTH
42719;5;,;,;PUNC;;;;;;;;;PUNC;,;PUNC
42720;6;не;Ќ≈;PART;;;е;н;;;;;PART;Ќ≈;PART
42721;7;удалось;”ƒј“№—я;V pf praet sg indic n -;;;ь;с;о;л;а;д;V;”ƒј“№—я;V pf praet sg indic n -
42722;8;много;ћЌќ√ќ;ADV -;;;о;г;о;н;м;;ADV;ћЌќ√ќ;ADV -
42723;9;поспать;ѕќ—ѕј“№;V pf - - inf - -;;;ь;т;а;п;с;о;V;ѕќ—ѕј“№;V pf intr - inf - -
42724;10;,;,;PUNC;;;;;;;;;PUNC;,;PUNC
42725;11;потому что;потому что;ZERO;;;о;т;ч; ;у;м;ZERO;потому что;ZERO
42726;12;мы;ћџ;SPRO pl 1p - nom;;;ы;м;;;;;SPRO;ћџ;SPRO pl 1p anim nom
42727;13;сидели;—»ƒ≈“№;V ipf praet pl indic - -;;;и;л;е;д;и;с;V;—»ƒ≈“№;V ipf praet pl indic - -
42728;14;и;»;CONJ;;;и;;;;;;CONJ;»;CONJ
42729;15;переключали;ѕ≈–≈ Ћё„ј“№;V ipf praet pl indic - -;;;и;л;а;ч;ю;л;V;ѕ≈–≈ Ћё„ј“№;V ipf praet pl indic - -
42730;16;каналы; јЌјЋ;S m inan nom pl;;;ы;л;а;н;а;к;S; јЌјЋ;S m inan nom pl
42731;17;очень;ќ„≈Ќ№;ADV -;;;ь;н;е;ч;о;;ADV;ќ„≈Ќ№;ADV -
42732;18;долго;ƒќЋ√ќ;ADV -;;;о;г;л;о;д;;ADV;ƒќЋ√ќ;ADV -
42733;19;по;ѕќ;PR;;;о;п;;;;;PR;ѕќ;PR
42734;20;телевизору;“≈Ћ≈¬»«ќ–;S m inan dat sg;;;у;р;о;з;и;в;S;“≈Ћ≈¬»«ќ–;S m inan dat sg
42735;21;,;,;PUNC;;;;;;;;;PUNC;,;PUNC
42736;22;чтобы;„“ќЅџ;CONJ;;;ы;б;о;т;ч;;CONJ;„“ќЅџ;CONJ
42737;23;найти;Ќј…“»;V pf - - inf - -;;;и;т;й;а;н;;V;Ќј…“»;V pf tran - inf - -
42738;24;фильм;‘»Ћ№ћ;S m inan acc sg;;;м;ь;л;и;ф;;S;‘»Ћ№ћ;S m inan acc sg
42739;25;.;.;SENT;;;;;;;;;SENT;.;SENT
42740;;;;;;;;;;;;;;;
42741;1;ћы;ћџ;SPRO pl 1p - nom;;;ы;м;;;;;SPRO;ћџ;SPRO pl 1p anim nom
42742;2;посмотрели;ѕќ—ћќ“–≈“№;V pf praet pl indic - -;;;и;л;е;р;т;о;V;ѕќ—ћќ“–≈“№;V pf praet pl indic tran -
42743;3;..;..;SENT;;;;;;;;;SENT;..;SENT
42744;;;;;;;;;;;;;;;
42745;1;»нтервьюер;»Ќ“≈–¬№ё≈–;S m anim nom sg;;;р;е;ю;ь;в;р;S;»Ќ“≈–¬№ё≈–;S m anim nom sg
42746;2;@;@;PUNC;;;;;;;;;PUNC;@;PUNC
42747;3; то; “ќ;S m - nom sg;;;о;т;к;;;;S; “ќ;SPRO anim - nom sg
42748;4;мы;ћџ;SPRO pl 1p - nom;;;ы;м;;;;;SPRO;ћџ;SPRO pl 1p anim nom
42749;5;?;?;SENT;;;;;;;;;SENT;?;SENT
42750;;;;;;;;;;;;;;;
42751;1;јнфиса;јЌ‘»—ј;S f anim nom sg;;;а;с;и;ф;н;а;S;јЌ‘»—ј;S f anim nom sg
42752;2;@;@;PUNC;;;;;;;;;PUNC;@;PUNC
42753;3;я;я;SPRO sg 1p - nom;;;€;;;;;;SPRO;я;SPRO sg 1p anim nom
42754;4;и;»;CONJ;;;и;;;;;;CONJ;»;CONJ
42755;5;мои..;ћќ…..;A - nom pl plen - -;;;;;и;о;м;;A;ћќ…..;APRO - nom pl plen - -
42756;6;€;я;SPRO sg 1p - nom;;;€;;;;;;SPRO;я;SPRO sg 1p anim nom
42757;7;,;,;PUNC;;;;;;;;;PUNC;,;PUNC
42758;8;подруга;ѕќƒ–”√ј;S f anim nom sg;;;а;г;у;р;д;о;S;ѕќƒ–”√ј;S f anim nom sg
42759;9;,;,;PUNC;;;;;;;;;PUNC;,;PUNC
42760;10;еще;≈ў≈;ADV -;;;е;щ;е;;;;ADV;≈ў≈;ADV -
42761;11;две;ƒ¬ј;NUM nom f -;;;е;в;д;;;;NUM;ƒ¬ј;NUM nom f -
42762;12;ее;≈≈;A - nonflex nonflex plen - -;;;е;е;;;;;A;≈≈;APRO nom
42763;13;знаком..;«Ќј ќћџ…..;A - - sg brev m -;;;;;м;о;к;а;A;«Ќј ќћџ…..;S anim nom pl f -
42764;14;подруги;ѕќƒ–”√ј;S f anim nom pl;;;и;г;у;р;д;о;S;ѕќƒ–”√ј;S f anim nom pl
42765;15;(;(;PUNC;;;;;;;;;PUNC;(;PUNC
42766;16;?;?;PUNC;;;;;;;;;PUNC;?;PUNC
42767;17;)..;)..;PUNC;;;;;;;;;PUNC;)..;PUNC
42768;18;да;ƒј;PART;;;а;д;;;;;PART;ƒј;PART
42769;19;.;.;SENT;;;;;;;;;SENT;.;SENT
42770;;;;;;;;;;;;;;;
42771;1;ј;ј;S - - nonflex nonflex;;;а;;;;;;S;ј;PART
42772;2;&;&;PUNC;;;;;;;;;PUNC;&;PUNC
42773;3;lt;LT;NONLEX;;;;;;;;;NONLEX;LT;NONLEX
42774;4;";";";";PUNC;;;;;;;;;PUNC;";";PUNC
42775;5;distinct;DISTINCT;NONLEX;;;;;;;;;NONLEX;DISTINCT;NONLEX
42776;6;form;FORM;NONLEX;;;;;;;;;NONLEX;FORM;NONLEX
42777;7;=;=;PUNC;;;;;;;;;PUNC;=;PUNC
42778;8;&;&;PUNC;;;;;;;;;PUNC;&;PUNC
42779;9;quot;QUOT;NONLEX;;;;;;;;;NONLEX;QUOT;NONLEX
42780;10;";";";";PUNC;;;;;;;;;PUNC;";";PUNC
42781;11;вапще;¬јѕў≈;ADV -;distort;;е;щ;п;а;в;;ADV;¬јѕў≈;ADV -
42782;12;&;&;PUNC;;;;;;;;;PUNC;&;PUNC
42783;13;quot;QUOT;NONLEX;;;;;;;;;NONLEX;QUOT;NONLEX
42784;14;";";";";SENT;;;;;;;;;SENT;";";SENT
42785;;;;;;;;;;;;;;;
42786;1;&;&;PUNC;;;;;;;;;PUNC;&;PUNC
42787;2;gt;GT;NONLEX;;;;;;;;;NONLEX;GT;NONLEX
42788;3;";";";";PUNC;;;;;;;;;PUNC;";";PUNC
42789;4;вообще;¬ќќЅў≈;ADV -;;;е;щ;б;о;о;в;ADV;¬ќќЅў≈;ADV -
42790;5;&;&;PUNC;;;;;;;;;PUNC;&;PUNC
42791;6;lt;LT;NONLEX;;;;;;;;;NONLEX;LT;NONLEX
42792;7;";";";";SENT;;;;;;;;;SENT;";";SENT
42793;;;;;;;;;;;;;;;
42794;1;/;/;PUNC;;;;;;;;;PUNC;/;PUNC
42795;2;distinct;DISTINCT;NONLEX;;;;;;;;;NONLEX;DISTINCT;NONLEX
42796;3;&;&;PUNC;;;;;;;;;PUNC;&;PUNC
42797;4;gt;GT;NONLEX;;;;;;;;;NONLEX;GT;NONLEX
42798;5;";";";";SENT;;;;;;;;;SENT;";";SENT
42799;;;;;;;;;;;;;;;
42800;1;,;,;PUNC;;;;;;;;;PUNC;,;PUNC
42801;2;€;я;SPRO sg 1p - nom;;;€;;;;;;SPRO;я;SPRO sg 1p anim nom
42802;3;приехала;ѕ–»≈’ј“№;V pf praet sg indic f -;;;а;л;а;х;е;и;V;ѕ–»≈’ј“№;V pf praet sg indic f intr
42803;4;туда;“”ƒј;ADV -;;;а;д;у;т;;;ADV;“”ƒј;ADV -
42804;5;после;ѕќ—Ћ≈;PR;;;е;л;с;о;п;;PR;ѕќ—Ћ≈;PR
42805;6;одного;ќƒ»Ќ;A - gen sg plen m -;;;о;г;о;н;д;о;A;ќƒ»Ќ;ANUM - gen sg plen m -
42806;7;дн€;ƒ≈Ќ№;S m inan gen sg;;;€;н;д;;;;S;ƒ≈Ќ№;S m inan gen sg
42807;8;рождени€;–ќ∆ƒ≈Ќ»≈;S n inan gen sg;;;€;и;н;е;д;ж;S;–ќ∆ƒ≈Ќ»≈;S n inan gen sg
42808;9;.;.;SENT;;;;;;;;;SENT;.;SENT
42809;;;;;;;;;;;;;;;
42810;1;Ќу;Ќ”;PART;;;у;н;;;;;PART;Ќ”;PART
42811;2;день;ƒ≈Ќ№;S m inan acc sg;;;ь;н;е;д;;;S;ƒ≈Ќ№;S m inan nom sg
42812;3;рождени€;–ќ∆ƒ≈Ќ»≈;S n inan gen sg;;;€;и;н;е;д;ж;S;–ќ∆ƒ≈Ќ»≈;S n inan gen sg
42813;4;был;Ѕџ“№;V ipf praet sg indic m -;;;л;ы;б;;;;V;Ѕџ“№;V ipf praet sg indic m intr
42814;5;нормальный;Ќќ–ћјЋ№Ќџ…;A - nom sg plen m -;;;й;ы;н;ь;л;а;A;Ќќ–ћјЋ№Ќџ…;A - ins sg plen m -
42815;6;,;,;PUNC;;;;;;;;;PUNC;,;PUNC
42816;7;там;“јћ;ADV -;;;м;а;т;;;;ADV;“јћ;ADV -
42817;8;все;¬—≈;S - - nom pl;;;е;с;в;;;;S;¬—≈;SPRO - - nom pl
42818;9;были;Ѕџ“№;V ipf praet pl indic - -;;;и;л;ы;б;;;V;Ѕџ“№;V ipf praet pl indic intr -
42819;10;в;¬;PR;;;в;;;;;;PR;¬;PR
42820;11;розовой;–ќ«ќ¬џ…;A - loc sg plen f -;;;й;о;в;о;з;о;A;–ќ«ќ¬џ…;A - loc sg plen f -
42821;12;одежде;ќƒ≈∆ƒј;S f inan loc sg;;;е;д;ж;е;д;о;S;ќƒ≈∆ƒј;S f inan loc sg
42822;13;,;,;PUNC;;;;;;;;;PUNC;,;PUNC
42823;14;очень;ќ„≈Ќ№;ADV -;;;ь;н;е;ч;о;;ADV;ќ„≈Ќ№;ADV -
42824;15;интересный;»Ќ“≈–≈—Ќџ…;A - nom sg plen m -;;;й;ы;н;с;е;р;A;»Ќ“≈–≈—Ќџ…;A - nom sg plen m -
42825;16;дресс;ƒ–≈——;S m inan acc sg;;;с;с;е;р;д;;S;ƒ–≈——;S m inan nom sg
42826;17;-;-;PUNC;;;;;;;;;PUNC;-;PUNC
42827;18;код; ќƒ;S m inan nom sg;;;д;о;к;;;;S; ќƒ;S m inan nom sg
42828;19;.;.;SENT;;;;;;;;;SENT;.;SENT
42829;;;;;;;;;;;;;;;
42830;1;Ёэээ;ЁЁЁЁ;NONLEX;;;э;э;э;э;;;NONLEX;ЁЁЁЁ;INTJ
42831;2;,;,;PUNC;;;;;;;;;PUNC;,;PUNC
42832;3;к; ;PR;;;к;;;;;;PR; ;PR
42833;4;тому;“ќ“;A - dat sg plen m -;;;у;м;о;т;;;A;“ќ“;APRO - dat sg plen m -
42834;5;моменту;ћќћ≈Ќ“;S m inan dat sg;;;у;т;н;е;м;о;S;ћќћ≈Ќ“;S m inan dat sg
42835;6;,;,;PUNC;;;;;;;;;PUNC;,;PUNC
42836;7;как; ј ;CONJ;;;к;а;к;;;;CONJ; ј ;CONJ
42837;8;€;я;SPRO sg 1p - nom;;;€;;;;;;SPRO;я;SPRO sg 1p inam nom
42838;9;оттуда;ќ““”ƒј;ADV -;;;а;д;у;т;т;о;ADV;ќ““”ƒј;ADV -
42839;10;уехала;”≈’ј“№;V pf praet sg indic f -;;;а;л;а;х;е;у;V;”≈’ј“№;V pf praet sg indic f intr
42840;11;и;»;CONJ;;;и;;;;;;CONJ;»;CONJ
42841;12;приехала;ѕ–»≈’ј“№;V pf praet sg indic f -;;;а;л;а;х;е;и;V;ѕ–»≈’ј“№;V pf praet sg indic f intr
42842;13;к; ;PR;;;к;;;;;;PR; ;PR
42843;14;подруге;ѕќƒ–”√ј;S f anim dat sg;;;е;г;у;р;д;о;S;ѕќƒ–”√ј;S f anim dat sg
42844;15;,;,;PUNC;;;;;;;;;PUNC;,;PUNC
42845;16;мне;я;SPRO sg 1p - loc;;;е;н;м;;;;SPRO;я;SPRO sg 1p inam dat
42846;17;позвонил;ѕќ«¬ќЌ»“№;V pf praet sg indic m -;;;л;и;н;о;в;з;V;ѕќ«¬ќЌ»“№;V pf praet sg indic m intr
42847;18;кто-то; “ќ-“ќ;S m - nom sg;;;о;т;;о;т;к;S; “ќ-“ќ;SPRO - inam nom sg
42848;19;и;»;CONJ;;;и;;;;;;CONJ;»;CONJ
42849;20;сказали;— ј«ј“№;V pf praet pl indic - -;;;и;л;а;з;а;к;V;— ј«ј“№;V pf praet pl indic tran -
42850;21;,;,;PUNC;;;;;;;;;PUNC;,;PUNC
42851;22;что;„“ќ;CONJ;;;о;т;ч;;;;CONJ;„“ќ;CONJ
42852;23;соседка;—ќ—≈ƒ ј;S f anim nom sg;;;а;к;д;е;с;о;S;—ќ—≈ƒ ј;S f anim nom sg
42853;24;снизу;—Ќ»«”;ADV -;;;у;з;и;н;с;;ADV;—Ќ»«”;ADV -
42854;25;вызвала;¬џ«¬ј“№;V pf praet sg indic f -;;;а;л;а;в;з;ы;V;¬џ«¬ј“№;V pf praet sg indic f tran
42855;26;ментов;ћ≈Ќ“;S m anim acc pl;;;в;о;т;н;е;м;S;ћ≈Ќ“;S m anim acc pl
42856;27;.;.;SENT;;;;;;;;;SENT;.;SENT
42857;;;;;;;;;;;;;;;
42858;1;¬от;¬ќ“;PART;;;т;о;в;;;;PART;¬ќ“;PART
42859;2;такие;“ј ќ…;A - nom pl plen - -;;;е;и;к;а;т;;A;“ј ќ…;A - nom pl plen - -
42860;3;де..;ƒ≈..;PART;;;;;е;д;;;PART;ƒ≈Ћќ;S n inan nom pl
42861;4;дела;ƒ≈Ћќ;S n inan nom pl;;;а;л;е;д;;;S;ƒ≈Ћќ;S n inan nom pl
42862;5;на;Ќј;PR;;;а;н;;;;;PR;Ќј;PR
42863;6;дне;ƒЌќ;S n inan loc sg;;;е;н;д;;;;S;ƒЌќ;S n inan loc sg
42864;7;рождениии;–ќ∆ƒ≈Ќ»»»;S - inan acc pl;;;и;и;и;н;е;д;S;–ќ∆ƒ≈Ќ»≈;S n inan acc pl
42865;8;девочки;ƒ≈¬ќ„ ј;S f anim gen sg;;;и;к;ч;о;в;е;S;ƒ≈¬ќ„ ј;S f anim gen sg
42866;9;семнадцати;—≈ћЌјƒ÷ј“№;NUM loc - -;;;и;т;а;ц;д;а;NUM;—≈ћЌјƒ÷ј“№;NUM loc - -
42867;10;лет..;√ќƒ..;S m inan gen sg;;;;;т;е;л;;S;√ќƒ..;S m inan gen sg
42868;11;были;Ѕџ“№;V ipf praet pl indic - -;;;и;л;ы;б;;;V;Ѕџ“№;V ipf praet pl indic intr -
42869;12;.;.;SENT;;;;;;;;;SENT;.;SENT
42870;;;;;;;;;;;;;;;
42871;1;&;&;PUNC;;;;;;;;;PUNC;&;PUNC
42872;2;lt;LT;NONLEX;;;;;;;;;NONLEX;LT;NONLEX
42873;3;";";";";PUNC;;;;;;;;;PUNC;";";PUNC
42874;4;distinct;DISTINCT;NONLEX;;;;;;;;;NONLEX;DISTINCT;NONLEX
42875;5;form;FORM;NONLEX;;;;;;;;;NONLEX;FORM;NONLEX
42876;6;=;=;PUNC;;;;;;;;;PUNC;=;PUNC
42877;7;&;&;PUNC;;;;;;;;;PUNC;&;PUNC
42878;8;quot;QUOT;NONLEX;;;;;;;;;NONLEX;QUOT;NONLEX
42879;9;";";";";SENT;;;;;;;;;SENT;";";SENT
42880;;;;;;;;;;;;;;;
42881;1;¬ооот;¬ќќќ“;S n inan nonflex nonflex;;;т;о;о;о;в;;S;¬ќќќ“;PART
42882;2;&;&;PUNC;;;;;;;;;PUNC;&;PUNC
42883;3;quot;QUOT;NONLEX;;;;;;;;;NONLEX;QUOT;NONLEX
42884;4;";";";";SENT;;;;;;;;;SENT;";";SENT
42885;;;;;;;;;;;;;;;
42886;1;&;&;PUNC;;;;;;;;;PUNC;&;PUNC
42887;2;gt;GT;NONLEX;;;;;;;;;NONLEX;GT;NONLEX
42888;3;";";";";SENT;;;;;;;;;SENT;";";SENT
42889;;;;;;;;;;;;;;;
42890;1;¬от;¬ќ“;PART;;;т;о;в;;;;PART;¬ќ“;PART
42891;2;&;&;PUNC;;;;;;;;;PUNC;&;PUNC
42892;3;lt;LT;NONLEX;;;;;;;;;NONLEX;LT;NONLEX
42893;4;";";";";SENT;;;;;;;;;SENT;";";SENT
42894;;;;;;;;;;;;;;;
42895;1;/;/;PUNC;;;;;;;;;PUNC;/;PUNC
42896;2;distinct;DISTINCT;NONLEX;;;;;;;;;NONLEX;DISTINCT;NONLEX
42897;3;&;&;PUNC;;;;;;;;;PUNC;&;PUNC
42898;4;gt;GT;NONLEX;;;;;;;;;NONLEX;GT;NONLEX
42899;5;";";";";SENT;;;;;;;;;SENT;";";SENT
42900;;;;;;;;;;;;;;;
42901;1;..;..;PUNC;;;;;;;;;PUNC;..;PUNC
42902;2;„то;„“ќ;CONJ;;;о;т;ч;;;;CONJ;„“ќ;SPRO inan nom sg -
42903;3;еще;≈ў≈;ADV -;;;е;щ;е;;;;ADV;≈ў≈;ADV -
42904;4;вчера..;¬„≈–ј..;ADV -;;;;;а;р;е;ч;ADV;¬„≈–ј..;ADV -
42905;5;Ќу;Ќ”;PART;;;у;н;;;;;PART;Ќ”;PART
42906;6;мы;ћџ;SPRO pl 1p - nom;;;ы;м;;;;;SPRO;ћџ;SPRO pl 1p anim nom
42907;7;ходили;’ќƒ»“№;V ipf praet pl indic - -;;;и;л;и;д;о;х;V;’ќƒ»“№;V ipf praet pl indic intr -
42908;8;три;“–»;NUM nom - -;;;и;р;т;;;;NUM;“–»;NUM nom - -
42909;9;раза;–ј«;S m inan gen sg;;;а;з;а;р;;;S;–ј«;S m inan gen sg
42910;10;в;¬;PR;;;в;;;;;;PR;¬;PR
42911;11;магазин;ћј√ј«»Ќ;S m inan acc sg;;;н;и;з;а;г;а;S;ћј√ј«»Ќ;S m inan acc sg
42912;12;за;«ј;PR;;;а;з;;;;;PR;«ј;PR
42913;13;едой;≈ƒј;S f inan ins sg;;;й;о;д;е;;;S;≈ƒј;S f inan ins sg
42914;14;.;.;SENT;;;;;;;;;SENT;.;SENT
42915;;;;;;;;;;;;;;;
42916;1;¬от;¬ќ“;PART;;;т;о;в;;;;PART;¬ќ“;PART
42917;2;,;,;PUNC;;;;;;;;;PUNC;,;PUNC
42918;3;сначала;—Ќј„јЋј;ADV -;;;а;л;а;ч;а;н;ADV;—Ќј„јЋј;ADV -
42919;4;мы;ћџ;SPRO pl 1p - nom;;;ы;м;;;;;SPRO;ћџ;SPRO pl 1p anim nom
42920;5;купили; ”ѕ»“№;V pf praet pl indic - -;;;и;л;и;п;у;к;V; ”ѕ»“№;V pf praet pl indic tran -
42921;6;мороженое;ћќ–ќ∆≈Ќќ≈;S n inan acc sg;;;е;о;н;е;ж;о;S;ћќ–ќ∆≈Ќќ≈;S n inan acc sg
42922;7;,;,;PUNC;;;;;;;;;PUNC;,;PUNC
42923;8;собственно;—ќЅ—“¬≈ЌЌќ;ADV -;;;о;н;н;е;в;т;ADV;—ќЅ—“¬≈ЌЌќ;PRAEDIC
42924;9;,;,;PUNC;;;;;;;;;PUNC;,;PUNC
42925;10;наверно;Ќј¬≈–Ќќ;ADV -;;;о;н;р;е;в;а;ADV;Ќј¬≈–Ќќ;PARENTH
42926;11;,;,;PUNC;;;;;;;;;PUNC;,;PUNC
42927;12;поэтому;ѕќЁ“ќћ”;ADV -;;;у;м;о;т;э;о;ADV;ѕќЁ“ќћ”;CONJ
42928;13;у;”;PR;;;у;;;;;;PR;”;PR
42929;14;мен€;я;SPRO sg 1p - acc;;;€;н;е;м;;;SPRO;я;SPRO sg 1p anim gen
42930;15;сейчас;—≈…„ј—;ADV -;;;с;а;ч;й;е;с;ADV;—≈…„ј—;ADV -
42931;16;горло;√ќ–Ћќ;S n inan acc sg;;;о;л;р;о;г;;S;√ќ–Ћќ;S n inan nom sg
42932;17;болит;ЅќЋ≈“№;V ipf praes sg indic - 3p;;;т;и;л;о;б;;V;ЅќЋ≈“№;V ipf praes sg indic intr 3p
42933;18;.;.;SENT;;;;;;;;;SENT;.;SENT
42934;;;;;;;;;;;;;;;
42935;1;ѕотом;ѕќ“ќћ;ADV -;;;м;о;т;о;п;;ADV;ѕќ“ќћ;ADV -
42936;2;мы;ћџ;SPRO pl 1p - nom;;;ы;м;;;;;SPRO;ћџ;SPRO pl 1p anim nom
42937;3;сходили;—’ќƒ»“№;V ipf praet pl indic - -;;;и;л;и;д;о;х;V;—’ќƒ»“№;V ipf praet pl indic intr -
42938;4;за;«ј;PR;;;а;з;;;;;PR;«ј;PR
42939;5;замороженной;«јћќ–ќ«»“№;PARTCP pf praet loc sg plen f pass -;;;й;о;н;н;е;ж;PARTCP;«јћќ–ќ«»“№;PARTCP pf praet loc sg plen f pass -
42940;6;лазаньей;Ћј«јЌ»…;A - loc sg plen f -;;;й;е;ь;н;а;з;A;Ћј«јЌ»…;A - loc sg plen f -
42941;7;.;.;SENT;;;;;;;;;SENT;.;SENT
42942;;;;;;;;;;;;;;;
42943;1;¬;¬;PR;;;в;;;;;;PR;¬;PARENTH
42944;2;принципе;ѕ–»Ќ÷»ѕ;S m inan loc sg;;;е;п;и;ц;н;и;S;ѕ–»Ќ÷»ѕ;PARENTH
42945;3;,;,;PUNC;;;;;;;;;PUNC;,;PUNC
42946;4;все;¬—≈;S - - nom pl;;;е;с;в;;;;S;¬—≈;SPRO - - nom pl
42947;5;еще;≈ў≈;ADV -;;;е;щ;е;;;;ADV;≈ў≈;ADV -
42948;6;бы;Ѕџ;PART;;;ы;б;;;;;PART;Ѕџ;PART
42949;7;,;,;PUNC;;;;;;;;;PUNC;,;PUNC
42950;8;сейчас;—≈…„ј—;ADV -;;;с;а;ч;й;е;с;ADV;—≈…„ј—;ADV -
42951;9;поела;ѕќ≈—“№;V pf praet sg indic f -;;;а;л;е;о;п;;V;ѕќ≈—“№;V pf praet sg indic f tran
42952;10;замороженную;«јћќ–ќ«»“№;PARTCP pf praet acc sg plen f pass -;;;ю;у;н;н;е;ж;PARTCP;«јћќ–ќ«»“№;PARTCP pf praet acc sg plen f pass -
42953;11;лазанью;Ћј«јЌ№≈;S n inan dat sg;;;ю;ь;н;а;з;а;S;Ћј«јЌ№я;S n inan acc sg
42954;12;,;,;PUNC;;;;;;;;;PUNC;,;PUNC
42955;13;очень;ќ„≈Ќ№;ADV -;;;ь;н;е;ч;о;;ADV;ќ„≈Ќ№;ADV -
42956;14;вкусна€;¬ ”—Ќџ…;A - nom sg plen f -;;;€;а;н;с;у;к;A;¬ ”—Ќџ…;A - nom sg plen f -
42957;15;вещь;¬≈ў№;S f inan nom sg;;;ь;щ;е;в;;;S;¬≈ў№;S f inan nom sg
42958;16;,;,;PUNC;;;;;;;;;PUNC;,;PUNC
42959;17;очень;ќ„≈Ќ№;ADV -;;;ь;н;е;ч;о;;ADV;ќ„≈Ќ№;ADV -
42960;18;-;-;PUNC;;;;;;;;;PUNC;-;PUNC
42961;19;очень;ќ„≈Ќ№;ADV -;;;ь;н;е;ч;о;;ADV;ќ„≈Ќ№;ADV -
42962;20;советую;—ќ¬≈“ќ¬ј“№;V ipf praes sg indic - 1p;;;ю;у;т;е;в;о;V;—ќ¬≈“ќ¬ј“№;V ipf praes sg indic tran 1p
42963;21;всем;¬—≈;S - - dat pl;;;м;е;с;в;;;S;¬—≈;SPRO anim - dat pl
42964;22;.;.;SENT;;;;;;;;;SENT;.;SENT
42965;;;;;;;;;;;;;;;
42966;1;Ќу;Ќ”;PART;;;у;н;;;;;PART;Ќ”;PART
42967;2;или;»Ћ»;CONJ;;;и;л;и;;;;CONJ;»Ћ»;CONJ
42968;3;лучше;’ќ–ќЎќ;ADV comp;;;е;ш;ч;у;л;;ADV;’ќ–ќЎќ;ADV comp
42969;4;самим;—јћ;A - ins sg plen m -;;;м;и;м;а;с;;A;—јћ;APRO - ins sg plen m -
42970;5;делать..;ƒ≈Ћј“№..;V ipf - - inf - -;;;;;ь;т;а;л;V;ƒ≈Ћј“№..;V ipf - - inf tran -
42971;6;такое;“ј ќ…;A - nom sg plen n -;;;е;о;к;а;т;;A;“ј ќ…;A - nom sg plen n -
42972;7;.;.;SENT;;;;;;;;;SENT;.;SENT
42973;;;;;;;;;;;;;;;
42974;1;„то;„“ќ;CONJ;;;о;т;ч;;;;CONJ;„“ќ;CONJ
42975;2;€;я;SPRO sg 1p - nom;;;€;;;;;;SPRO;я;SPRO sg 1p anim nom
42976;3;еще;≈ў≈;ADV -;;;е;щ;е;;;;ADV;≈ў≈;ADV -
42977;4;делала;ƒ≈Ћј“№;V ipf praet sg indic f -;;;а;л;а;л;е;д;V;ƒ≈Ћј“№;V ipf praet sg indic f tran
42978;5;..;..;SENT;;;;;;;;;SENT;..;SENT
42979;;;;;;;;;;;;;;;
42980;1;»нтервьюер;»Ќ“≈–¬№ё≈–;S m inan nom sg;;;р;е;ю;ь;в;р;S;»Ќ“≈–¬№ё≈–;S m anim nom sg
42981;2;@;@;PUNC;;;;;;;;;PUNC;@;PUNC
42982;3;[;[;PUNC;;;;;;;;;PUNC;[;PUNC
42983;4;нрзб;Ќ–«Ѕ;NONLEX;;;б;з;р;н;;;NONLEX;Ќ–«Ѕ;NONLEX
42984;5;];];PUNC;;;;;;;;;PUNC;];PUNC
42985;6;.;.;SENT;;;;;;;;;SENT;.;SENT
42986;;;;;;;;;;;;;;;
42987;1;јнфиса;јЌ‘»—ј;S f anim nom sg;;;а;с;и;ф;н;а;S;јЌ‘»—ј;S f anim nom sg
42988;2;@;@;PUNC;;;;;;;;;PUNC;@;PUNC
42989;3;Ќу;Ќ”;PART;;;у;н;;;;;PART;Ќ”;PART
42990;4;это;Ё“ќ;S n - nom sg;;;о;т;э;;;;S;Ё“ќ;SPRO n - nom sg
42991;5;да;ƒј;PART;;;а;д;;;;;PART;ƒј;PART
42992;6;.;.;SENT;;;;;;;;;SENT;.;SENT
42993;;;;;;;;;;;;;;;
42994;1;Ќу;Ќ”;PART;;;у;н;;;;;PART;Ќ”;PART
42995;2;можно;ћќ∆Ќќ;ADV -;;;о;н;ж;о;м;;ADV;ћќ∆Ќќ;PRAEDIC
42996;3;посмотреть;ѕќ—ћќ“–≈“№;V pf - - inf - -;;;ь;т;е;р;т;о;V;ѕќ—ћќ“–≈“№;V pf - - inf tran -
42997;4;видео;¬»ƒ≈ќ;S n inan nonflex nonflex;;;о;е;д;и;в;;S;¬»ƒ≈ќ;S n inan pl acc
42998;5;в;¬;PR;;;в;;;;;;PR;¬;PR
42999;6;ютьюбе;ё“№ёЅ≈;ADV -;;;е;б;ю;ь;т;ю;ADV;ё“№ёЅ≈;S inan m loc sg
43000;7;,;,;PUNC;;;;;;;;;PUNC;,;PUNC
43001;8;и;»;CONJ;;;и;;;;;;CONJ;»;CONJ
43002;9;теб€;“џ;SPRO sg 2p - acc;;;€;б;е;т;;;SPRO;“џ;SPRO sg 2p - acc
43003;10;научат;Ќј”„»“№;V pf fut pl indic - 3p;;;т;а;ч;у;а;н;V;Ќј”„»“№;V pf fut pl indic intr 3p
43004;11;готовить..;√ќ“ќ¬»“№..;V ipf - - inf - -;;;;;ь;т;и;в;V;√ќ“ќ¬»“№..;V ipf - - inf tran -
43005;12;высшие;¬џ—Ў»…;A supr nom pl plen - -;;;е;и;ш;с;ы;в;A;¬џ—Ў»…;A supr nom pl plen - -
43006;13;силы;—»Ћј;S f inan nom pl;;;ы;л;и;с;;;S;—»Ћј;S f inan nom pl
43007;14;,;,;PUNC;;;;;;;;;PUNC;,;PUNC
43008;15;надеюсь;Ќјƒ≈я“№—я;V ipf praes sg indic - 1p;;;ь;с;ю;е;д;а;V;Ќјƒ≈я“№—я;V ipf praes sg indic intr 1p
43009;16;.;.;SENT;;;;;;;;;SENT;.;SENT
43010;;;;;;;;;;;;;;;
43011;1;Ёээ;ЁЁЁ;NONLEX;;;э;э;э;;;;NONLEX;ЁЁЁ;INTJ
43012;2;,;,;PUNC;;;;;;;;;PUNC;,;PUNC
43013;3;что;„“ќ;CONJ;;;о;т;ч;;;;CONJ;„“ќ;CONJ
43014;4;еще;≈ў≈;ADV -;;;е;щ;е;;;;ADV;≈ў≈;ADV -
43015;5;делала...;ƒ≈Ћј“№...;V ipf praet sg indic f -;;;;;;а;л;а;V;ƒ≈Ћј“№...;V ipf praet sg indic f tran
43016;6;ооой...;ќќќ…...;S m inan nonflex nonflex;;;;;;й;о;о;S;ќќќ…...;INTJ
43017;7;ну;Ќ”;PART;;;у;н;;;;;PART;Ќ”;PART
43018;8;€;я;SPRO sg 1p - nom;;;€;;;;;;SPRO;я;SPRO sg 1p anim nom
43019;9;особо;ќ—ќЅќ;ADV -;;;о;б;о;с;о;;ADV;ќ—ќЅќ;ADV -
43020;10;ничего;Ќ»„“ќ;S n - gen sg;;;о;г;е;ч;и;н;S;Ќ»„“ќ;SPRO n - gen sg
43021;11;интересного;»Ќ“≈–≈—Ќџ…;A - gen sg plen n -;;;о;г;о;н;с;е;A;»Ќ“≈–≈—Ќџ…;A - gen sg plen n -
43022;12;не;Ќ≈;PART;;;е;н;;;;;PART;Ќ≈;PART
43023;13;делала;ƒ≈Ћј“№;V ipf praet sg indic f -;;;а;л;а;л;е;д;V;ƒ≈Ћј“№;V ipf praet sg indic f tran
43024;14;,;,;PUNC;;;;;;;;;PUNC;,;PUNC
43025;15;ну;Ќ”;PART;;;у;н;;;;;PART;Ќ”;PART
43026;16;так;“ј ;ADV -;;;к;а;т;;;;ADV;“ј ;ADV -
43027;17;.;.;SENT;;;;;;;;;SENT;.;SENT
43028;;;;;;;;;;;;;;;
43029;1;»нтервьюер;»Ќ“≈–¬№ё≈–;S m anim nom sg;;;р;е;ю;ь;в;р;S;»Ќ“≈–¬№ё≈–;S m anim nom sg
43030;2;@;@;PUNC;;;;;;;;;PUNC;@;PUNC
43031;3;ј;ј;S - - nonflex nonflex;;;а;;;;;;S;ј;PART
43032;4;как; ј ;CONJ;;;к;а;к;;;;CONJ; ј ;CONJ
43033;5;рабоча€;–јЅќ„»…;A - nom sg plen f -;;;€;а;ч;о;б;а;A;–јЅќ„»…;A - nom sg plen f -
43034;6;недел€;Ќ≈ƒ≈Ћя;S f inan nom sg;;;€;л;е;д;е;н;S;Ќ≈ƒ≈Ћя;S f inan nom sg
43035;7;прошла;ѕ–ќЎЋџ…;A - - sg brev f -;;;а;л;ш;о;р;п;A;ѕ–ќ…“»;V pf praet sg indic f intr
43036;8;?;?;SENT;;;;;;;;;SENT;?;SENT
43037;;;;;;;;;;;;;;;
43038;1;јнфиса;јЌ‘»—ј;S f anim nom sg;;;а;с;и;ф;н;а;S;јЌ‘»—ј;S f anim nom sg
43039;2;@;@;PUNC;;;;;;;;;PUNC;@;PUNC
43040;3;ќй;ќ…;INTJ;;;й;о;;;;;INTJ;ќ…;INTJ
43041;4;,;,;PUNC;;;;;;;;;PUNC;,;PUNC
43042;5;рабоча€;–јЅќ„»…;A - nom sg plen f -;;;€;а;ч;о;б;а;A;–јЅќ„»…;A - nom sg plen f -
43043;6;недел€;Ќ≈ƒ≈Ћя;S f inan nom sg;;;€;л;е;д;е;н;S;Ќ≈ƒ≈Ћя;S f inan nom sg
43044;7;прошла;ѕ–ќЎЋџ…;A - - sg brev f -;;;а;л;ш;о;р;п;A;ѕ–ќ…“»;V pf praet sg indic f intr
43045;8;неплохо;Ќ≈ѕЋќ’ќ;ADV -;;;о;х;о;л;п;е;ADV;Ќ≈ѕЋќ’ќ;ADV -
43046;9;.;.;SENT;;;;;;;;;SENT;.;SENT
43047;;;;;;;;;;;;;;;
43048;1;я;я;SPRO sg 1p - nom;;;€;;;;;;SPRO;я;SPRO sg 1p - nom
43049;2;заработала;«ј–јЅќ“ј“№;V pf praet sg indic f -;;;а;л;а;т;о;б;V;«ј–јЅќ“ј“№;V pf praet sg indic f tran
43050;3;не;Ќ≈;PART;;;е;н;;;;;PART;Ќ≈;PART
43051;4;так;“ј ;ADV -;;;к;а;т;;;;ADV;“ј ;ADV -
43052;5;много;ћЌќ√ќ;ADV -;;;о;г;о;н;м;;ADV;ћЌќ√ќ;ADV -
43053;6;денег;ƒ≈Ќ№√»;S - inan gen pl;;;г;е;н;е;д;;S;ƒ≈Ќ№√»;S - inan gen pl
43054;7;,;,;PUNC;;;;;;;;;PUNC;,;PUNC
43055;8;как; ј ;CONJ;;;к;а;к;;;;CONJ; ј ;CONJ
43056;9;планировалось;ѕЋјЌ»–ќ¬ј“№—я;V ipf praet sg indic n -;;;ь;с;о;л;а;в;V;ѕЋјЌ»–ќ¬ј“№—я;V ipf praet sg indic n tran
43057;10;,;,;PUNC;;;;;;;;;PUNC;,;PUNC
43058;11;эээ;ЁЁЁ;NONLEX;;;э;э;э;;;;NONLEX;ЁЁЁ;NONLEX
43059;12;,;,;PUNC;;;;;;;;;PUNC;,;PUNC
43060;13;потому что;потому что;ZERO;;;о;т;ч; ;у;м;ZERO;потому что;CONJ
43061;14;€;я;SPRO sg 1p - nom;;;€;;;;;;SPRO;я;SPRO sg 1p anim nom
43062;15;скинула;— »Ќ”“№;V pf praet sg indic f -;;;а;л;у;н;и;к;V;— »Ќ”“№;V pf praet sg indic f tran
43063;16;тыс€чу;“џ—я„ј;S f inan acc sg;;;у;ч;€;с;ы;т;S;“џ—я„ј;S f inan acc sg
43064;17;на;Ќј;PR;;;а;н;;;;;PR;Ќј;PR
43065;18;день;ƒ≈Ќ№;S m inan acc sg;;;ь;н;е;д;;;S;ƒ≈Ќ№;S m inan acc sg
43066;19;рождени€;–ќ∆ƒ≈Ќ»≈;S n inan gen sg;;;€;и;н;е;д;ж;S;–ќ∆ƒ≈Ќ»≈;S n inan gen sg
43067;20;на;Ќј;PR;;;а;н;;;;;PR;Ќј;PR
43068;21;подарок;ѕќƒј–ќ ;S m inan acc sg;;;к;о;р;а;д;о;S;ѕќƒј–ќ ;S m inan acc sg
43069;22;,;,;PUNC;;;;;;;;;PUNC;,;PUNC
43070;23;ну;Ќ”;PART;;;у;н;;;;;PART;Ќ”;PART
43071;24;это;Ё“ќ;S n - nom sg;;;о;т;э;;;;S;Ё“ќ;SPRO inan nom sg
43072;25;хорошо;’ќ–ќЎќ;ADV -;;;о;ш;о;р;о;х;ADV;’ќ–ќЎќ;ADV -
43073;26;.;.;SENT;;;;;;;;;SENT;.;SENT
43074;;;;;;;;;;;;;;;
43075;1;јаа;јјј;S m inan nonflex nonflex;;;а;а;а;;;;S;јјј;INTJ
43076;2;,;,;PUNC;;;;;;;;;PUNC;,;PUNC
43077;3;потом;ѕќ“ќћ;ADV -;;;м;о;т;о;п;;ADV;ѕќ“ќћ;ADV -
43078;4;один;ќƒ»Ќ;A - nom sg plen m -;;;н;и;д;о;;;A;ќƒ»Ќ;APRO - nom sg plen m -
43079;5;урок;”–ќ ;S m inan nom sg;;;к;о;р;у;;;S;”–ќ ;S m inan nom sg
43080;6;просто;ѕ–ќ—“ќ;ADV -;;;о;т;с;о;р;п;ADV;ѕ–ќ—“ќ;ADV -
43081;7;отменилс€;ќ“ћ≈Ќ»“№—я;V pf praet sg indic m -;;;€;с;л;и;н;е;V;ќ“ћ≈Ќ»“№—я;V pf praet sg indic m -intr
43082;8;.;.;SENT;;;;;;;;;SENT;.;SENT
43083;;;;;;;;;;;;;;;
43084;1;»нтервьюер;»Ќ“≈–¬№ё≈–;S m anim nom sg;;;р;е;ю;ь;в;р;S;»Ќ“≈–¬№ё≈–;S m anim nom sg
43085;2;@;@;PUNC;;;;;;;;;PUNC;@;PUNC
43086;3;–асскажи;–ј—— ј«ј“№;V pf - sg imper - 2p;;;и;ж;а;к;с;с;V;–ј—— ј«ј“№;V pf - sg imper tran 2p
43087;4;,;,;PUNC;;;;;;;;;PUNC;,;PUNC
43088;5;кем; “ќ;S m - ins sg;;;м;е;к;;;;S; “ќ;SPRO anim - ins sg
43089;6;ты;“џ;SPRO sg 2p - nom;;;ы;т;;;;;SPRO;“џ;SPRO sg 2p anim nom
43090;7;работаешь;–јЅќ“ј“№;V ipf praes sg indic - 2p;;;ь;ш;е;а;т;о;V;–јЅќ“ј“№;V ipf praes sg indic intr 2p
43091;8;.;.;SENT;;;;;;;;;SENT;.;SENT
43092;;;;;;;;;;;;;;;
43093;1;јнфиса;јЌ‘»—ј;S f anim nom sg;;;а;с;и;ф;н;а;S;јЌ‘»—ј;S f anim nom sg
43094;2;@;@;PUNC;;;;;;;;;PUNC;@;PUNC
43095;3;я;я;SPRO sg 1p - nom;;;€;;;;;;SPRO;я;SPRO sg 1p anim nom
43096;4;работаю;–јЅќ“ј“№;V ipf praes sg indic - 1p;;;ю;а;т;о;б;а;V;–јЅќ“ј“№;V ipf praes sg indic intr 1p
43097;5;репетитором;–≈ѕ≈“»“ќ–;S m anim ins sg;;;м;о;р;о;т;и;S;–≈ѕ≈“»“ќ–;S m anim ins sg
43098;6;по;ѕќ;PR;;;о;п;;;;;PR;ѕќ;PR
43099;7;английскому;јЌ√Ћ»…— »…;A - dat sg plen m -;;;у;м;о;к;с;й;A;јЌ√Ћ»…— »…;A - dat sg plen m -
43100;8;€зыку;я«џ ;S m inan dat sg;;;у;к;ы;з;€;;S;я«џ ;S m inan dat sg
43101;9;.;.;SENT;;;;;;;;;SENT;.;SENT
43102;;;;;;;;;;;;;;;
43103;1;ѕреподаю;ѕ–≈ѕќƒј¬ј“№;V ipf praes sg indic - 1p;;;ю;а;д;о;п;е;V;ѕ–≈ѕќƒј¬ј“№;V ipf praes sg indic tran 1p
43104;2;,;,;PUNC;;;;;;;;;PUNC;,;PUNC
43105;3;на;Ќј;PR;;;а;н;;;;;PR;Ќј;PR
43106;4;данный;ƒјЌЌџ…;A - acc sg plen m inan;;;й;ы;н;н;а;д;A;ƒјЌЌџ…;A - acc sg plen m inan
43107;5;момент;ћќћ≈Ќ“;S m inan acc sg;;;т;н;е;м;о;м;S;ћќћ≈Ќ“;S m inan acc sg
43108;6;,;,;PUNC;;;;;;;;;PUNC;,;PUNC
43109;7;вс€ким;¬—я »…;A - dat pl plen - -;;;м;и;к;€;с;в;A;¬—я »…;A - dat pl plen - -
43110;8;дев€тым;ƒ≈¬я“џ…;A - ins sg plen m -;;;м;ы;т;€;в;е;A;ƒ≈¬я“џ…;A - dat sg plen m -
43111;9;и;»;CONJ;;;и;;;;;;CONJ;»;CONJ
43112;10;одиннадцатым;ќƒ»ЌЌјƒ÷ј“џ…;A - dat pl plen - -;;;м;ы;т;а;ц;д;A;ќƒ»ЌЌјƒ÷ј“џ…;A - dat pl plen - -
43113;11;классам; Ћј——;S m inan dat pl;;;м;а;с;с;а;л;S; Ћј——;S m inan dat pl
43114;12;.;.;SENT;;;;;;;;;SENT;.;SENT
43115;;;;;;;;;;;;;;;
43116;1;¬от;¬ќ“;PART;;;т;о;в;;;;PART;¬ќ“;PART
43117;2;в;¬;PR;;;в;;;;;;PR;¬;PR
43118;3;прошлом;ѕ–ќЎЋџ…;A - loc sg plen m -;;;м;о;л;ш;о;р;A;ѕ–ќЎЋџ…;A - loc sg plen m -
43119;4;году;√ќƒ;S m inan loc2 sg;;;у;д;о;г;;;S;√ќƒ;S m inan loc2 sg
43120;5;€;я;SPRO sg 1p - nom;;;€;;;;;;SPRO;я;SPRO sg 1p anim nom
43121;6;вела;¬≈—“»;V ipf praet sg indic f -;;;а;л;е;в;;;V;¬≈—“»;V ipf praet sg indic f tran
43122;7;девочку;ƒ≈¬ќ„ ј;S f anim acc sg;;;у;к;ч;о;в;е;S;ƒ≈¬ќ„ ј;S f anim acc sg
43123;8;дев€ти;ƒ≈¬я“№;NUM loc - -;;;и;т;€;в;е;д;NUM;ƒ≈¬я“№;NUM loc - -
43124;9;лет;√ќƒ;S m inan gen pl;;;т;е;л;;;;S;√ќƒ;S m inan gen pl
43125;10;.;.;SENT;;;;;;;;;SENT;.;SENT
43126;;;;;;;;;;;;;;;
43127;1;»;»;CONJ;;;и;;;;;;CONJ;»;CONJ
43128;2;она;ќЌј;SPRO sg 3p f nom;;;а;н;о;;;;SPRO;ќЌј;SPRO sg 3p f nom
43129;3;всегда;¬—≈√ƒј;ADV -;;;а;д;г;е;с;в;ADV;¬—≈√ƒј;ADV -
43130;4;спрашивала;—ѕ–јЎ»¬ј“№;V ipf praet sg indic f -;;;а;л;а;в;и;ш;V;—ѕ–јЎ»¬ј“№;V ipf praet sg indic f tran
43131;5;,;,;PUNC;;;;;;;;;PUNC;,;PUNC
43132;6;почему;ѕќ„≈ћ”;ADV -;;;у;м;е;ч;о;п;ADV;ѕќ„≈ћ”;CONJ
43133;7;у;”;PR;;;у;;;;;;PR;”;PR
43134;8;мен€;я;SPRO sg 1p - acc;;;€;н;е;м;;;SPRO;я;SPRO sg 1p anim gen
43135;9;нет;Ќ≈“;ADV -;;;т;е;н;;;;ADV;Ќ≈“;ADV -
43136;10;мужа;ћ”∆;S m anim gen sg;;;а;ж;у;м;;;S;ћ”∆;S m anim gen sg
43137;11;,;,;PUNC;;;;;;;;;PUNC;,;PUNC
43138;12;есть;Ѕџ“№;V ipf praes sg indic - 3p;;;ь;т;с;е;;;V;Ѕџ“№;V ipf praes sg indic - 3p
43139;13;ли;Ћ»;PART;;;и;л;;;;;PART;Ћ»;PART
43140;14;у;”;PR;;;у;;;;;;PR;”;PR
43141;15;мен€;я;SPRO sg 1p - acc;;;€;н;е;м;;;SPRO;я;SPRO sg 1p anim gen
43142;16;дети;–≈Ѕ≈Ќќ ;S m anim nom pl;;;и;т;е;д;;;S;–≈Ѕ≈Ќќ ;S m anim nom pl
43143;17;,;,;PUNC;;;;;;;;;PUNC;,;PUNC
43144;18;и;»;CONJ;;;и;;;;;;CONJ;»;CONJ
43145;19;говорила;√ќ¬ќ–»“№;V ipf praet sg indic f -;;;а;л;и;р;о;в;V;√ќ¬ќ–»“№;V ipf praet sg indic f -
43146;20;:;:;PUNC;;;;;;;;;PUNC;:;PUNC
43147;21;&;&;PUNC;;;;;;;;;PUNC;&;PUNC
43148;22;quot;QUOT;NONLEX;;;;;;;;;NONLEX;QUOT;NONLEX
43149;23;";";";";SENT;;;;;;;;;SENT;";";SENT
43150;;;;;;;;;;;;;;;
43151;1;ƒаже;ƒј∆≈;PART;;;е;ж;а;д;;;PART;ƒј∆≈;PART
43152;2;у;”;PR;;;у;;;;;;PR;”;PR
43153;3;мен€;я;SPRO sg 1p - acc;;;€;н;е;м;;;SPRO;я;SPRO sg 1p anim acc
43154;4;есть;Ѕџ“№;V ipf praes sg indic - 3p;;;ь;т;с;е;;;V;Ѕџ“№;V ipf praes sg indic - 3p
43155;5;парень...;ѕј–≈Ќ№...;S m anim dat sg;;;;;;ь;н;е;S;ѕј–≈Ќ№...;S m anim acc sg
43156;6;јнфиса;јЌ‘»—ј;S f anim nom sg;;;а;с;и;ф;н;а;S;јЌ‘»—ј;S f anim nom sg
43157;7;јндреевна;јЌƒ–≈≈¬Ќј;S f anim nom sg;;;а;н;в;е;е;р;S;јЌƒ–≈≈¬Ќј;S f anim nom sg
43158;8;,;,;PUNC;;;;;;;;;PUNC;,;PUNC
43159;9;почему;ѕќ„≈ћ”;ADV -;;;у;м;е;ч;о;п;ADV;ѕќ„≈ћ”;ADV -
43160;10;у;”;PR;;;у;;;;;;PR;”;PR
43161;11;вас;¬џ;SPRO pl 2p - loc;;;с;а;в;;;;SPRO;¬џ;SPRO pl 2p - loc
43162;12;нет;Ќ≈“;ADV -;;;т;е;н;;;;ADV;Ќ≈“;ADV -
43163;13;мужа;ћ”∆;S m anim gen sg;;;а;ж;у;м;;;S;ћ”∆;S m anim gen sg
43164;14;,;,;PUNC;;;;;;;;;PUNC;,;PUNC
43165;15;вам;¬џ;SPRO pl 2p - dat;;;м;а;в;;;;SPRO;¬џ;SPRO pl 2p - dat
43166;16;же;∆≈;PART;;;е;ж;;;;;PART;∆≈;PART
43167;17;семнадцать;—≈ћЌјƒ÷ј“№;NUM acc - -;;;ь;т;а;ц;д;а;NUM;—≈ћЌјƒ÷ј“№;NUM acc - -
43168;18;лет;√ќƒ;S m inan gen pl;;;т;е;л;;;;S;√ќƒ;S m inan gen pl
43169;19;?;?;PUNC;;;;;;;;;PUNC;?;PUNC
43170;20;&;&;PUNC;;;;;;;;;PUNC;&;PUNC
43171;21;quot;QUOT;NONLEX;;;;;;;;;NONLEX;QUOT;NONLEX
43172;22;";";";";SENT;;;;;;;;;SENT;";";SENT
43173;;;;;;;;;;;;;;;
43174;1;»;»;CONJ;;;и;;;;;;CONJ;»;CONJ
43175;2;€;я;SPRO sg 1p - nom;;;€;;;;;;SPRO;я;SPRO sg 1p anim nom
43176;3;така€;“ј ќ…;A - nom sg plen f -;;;€;а;к;а;т;;A;“ј ќ…;APRO - nom sg plen f -
43177;4;:;:;PUNC;;;;;;;;;PUNC;:;PUNC
43178;5;&;&;PUNC;;;;;;;;;PUNC;&;PUNC
43179;6;quot;QUOT;NONLEX;;;;;;;;;NONLEX;QUOT;NONLEX
43180;7;";";";";SENT;;;;;;;;;SENT;";";SENT
43181;;;;;;;;;;;;;;;
43182;1;ёлечка;ёЋ≈„ ј;S m anim nom sg;;;а;к;ч;е;л;ю;S;ёЋ≈„ ј;S m anim nom sg
43183;2;,;,;PUNC;;;;;;;;;PUNC;,;PUNC
43184;3;учим;”„»“№;V ipf praes pl indic - 1p;;;м;и;ч;у;;;V;”„»“№;V ipf praes pl indic - 1p
43185;4;Present;PRESENT;NONLEX;;;;;;;;;NONLEX;PRESENT;NONLEX
43186;5;Simple;SIMPLE;NONLEX;;;;;;;;;NONLEX;SIMPLE;NONLEX
43187;6;&;&;PUNC;;;;;;;;;PUNC;&;PUNC
43188;7;quot;QUOT;NONLEX;;;;;;;;;NONLEX;QUOT;NONLEX
43189;8;";";";";SENT;;;;;;;;;SENT;";";SENT
43190;;;;;;;;;;;;;;;
43191;1;.;.;SENT;;;;;;;;;SENT;.;SENT
43192;2;.;.;SENT;;;;;;;;;SENT;.;SENT
43193;;;;;;;;;;;;;;;
43194;1;&;&;PUNC;;;;;;;;;PUNC;&;PUNC
43195;2;lt;LT;NONLEX;;;;;;;;;NONLEX;LT;NONLEX
43196;3;";";";";PUNC;;;;;;;;;PUNC;";";PUNC
43197;4;distinct;DISTINCT;NONLEX;;;;;;;;;NONLEX;DISTINCT;NONLEX
43198;5;form;FORM;NONLEX;;;;;;;;;NONLEX;FORM;NONLEX
43199;6;=;=;PUNC;;;;;;;;;PUNC;=;PUNC
43200;7;&;&;PUNC;;;;;;;;;PUNC;&;PUNC
43201;8;quot;QUOT;NONLEX;;;;;;;;;NONLEX;QUOT;NONLEX
43202;9;";";";";SENT;;;;;;;;;SENT;";";SENT
43203;;;;;;;;;;;;;;;
43204;1;¬ооот;¬ќќќ“;S n inan nonflex nonflex;;;т;о;о;о;в;;S;¬ќќќ“;PART
43205;2;&;&;PUNC;;;;;;;;;PUNC;&;PUNC
43206;3;quot;QUOT;NONLEX;;;;;;;;;NONLEX;QUOT;NONLEX
43207;4;";";";";SENT;;;;;;;;;SENT;";";SENT
43208;;;;;;;;;;;;;;;
43209;1;&;&;PUNC;;;;;;;;;PUNC;&;PUNC
43210;2;gt;GT;NONLEX;;;;;;;;;NONLEX;GT;NONLEX
43211;3;";";";";SENT;;;;;;;;;SENT;";";SENT
43212;;;;;;;;;;;;;;;
43213;1;¬от;¬ќ“;PART;;;т;о;в;;;;PART;¬ќ“;PART
43214;2;&;&;PUNC;;;;;;;;;PUNC;&;PUNC
43215;3;lt;LT;NONLEX;;;;;;;;;NONLEX;LT;NONLEX
43216;4;";";";";SENT;;;;;;;;;SENT;";";SENT
43217;;;;;;;;;;;;;;;
43218;1;/;/;PUNC;;;;;;;;;PUNC;/;PUNC
43219;2;distinct;DISTINCT;NONLEX;;;;;;;;;NONLEX;DISTINCT;NONLEX
43220;3;&;&;PUNC;;;;;;;;;PUNC;&;PUNC
43221;4;gt;GT;NONLEX;;;;;;;;;NONLEX;GT;NONLEX
43222;5;";";";";SENT;;;;;;;;;SENT;";";SENT
43223;;;;;;;;;;;;;;;
43224;1;Ёээ;ЁЁЁ;NONLEX;;;э;э;э;;;;NONLEX;ЁЁЁ;INTJ
43225;2;,;,;PUNC;;;;;;;;;PUNC;,;PUNC
43226;3;еще;≈ў≈;ADV -;;;е;щ;е;;;;ADV;≈ў≈;ADV -
43227;4;вчера;¬„≈–ј;ADV -;;;а;р;е;ч;в;;ADV;¬„≈–ј;ADV -
43228;5;отвела;ќ“¬≈—“»;V pf praet sg indic f -;;;а;л;е;в;т;о;V;ќ“¬≈—“»;V pf praet sg indic f tran
43229;6;свою;—¬ќ…;A - acc sg plen f -;;;ю;о;в;с;;;A;—¬ќ…;APRO - acc sg plen f -
43230;7;пь€ную;ѕ№яЌџ…;A - acc sg plen f -;;;ю;у;н;€;ь;п;A;ѕ№яЌџ…;A - acc sg plen f -
43231;8;ученицу..;”„≈Ќ»÷ј..;S f anim acc sg;;;;;у;ц;и;н;S;”„≈Ќ»÷ј..;S f anim acc sg
43232;9;в;¬;PR;;;в;;;;;;PR;¬;PR
43233;10;такси;“ј —»;S n inan nonflex nonflex;;;и;с;к;а;т;;S;“ј —»;S n inan 
43234;11;.;.;SENT;;;;;;;;;SENT;.;SENT
43235;;;;;;;;;;;;;;;
43236;1;¬от;¬ќ“;PART;;;т;о;в;;;;PART;¬ќ“;PART
43237;2;так;“ј ;ADV -;;;к;а;т;;;;ADV;“ј ;ADV -
43238;3;вот;¬ќ“;PART;;;т;о;в;;;;PART;¬ќ“;PART
43239;4;получилось;ѕќЋ”„»“№—я;V pf praet sg indic n -;;;ь;с;о;л;и;ч;V;ѕќЋ”„»“№—я;V pf praet sg indic n -
43240;5;,;,;PUNC;;;;;;;;;PUNC;,;PUNC
43241;6;она;ќЌј;SPRO sg 3p f nom;;;а;н;о;;;;SPRO;ќЌј;SPRO sg 3p f nom
43242;7;тоже;“ќ∆≈;PART;;;е;ж;о;т;;;PART;“ќ∆≈;PART
43243;8;была;Ѕџ“№;V ipf praet sg indic f -;;;а;л;ы;б;;;V;Ѕџ“№;V ipf praet sg indic f -
43244;9;на;Ќј;PR;;;а;н;;;;;PR;Ќј;PR
43245;10;том;“ќ“;A - loc sg plen m -;;;м;о;т;;;;A;“ќ“;A - loc sg plen m -
43246;11;дне..;ƒЌќ..;S n inan loc sg;;;;;е;н;д;;S;ƒЌќ..;S n inan loc sg
43247;12;на;Ќј;PR;;;а;н;;;;;PR;Ќј;PR
43248;13;том;“ќ“;A - loc sg plen n -;;;м;о;т;;;;A;“ќ“;A - loc sg plen n -
43249;14;дне;ƒ≈Ќ№;S n inan loc sg;;;е;н;д;;;;S;ƒ≈Ќ№;S n inan loc sg
43250;15;рождении;–ќ∆ƒ≈Ќ»≈;S n inan loc sg;;;и;и;н;е;д;ж;S;–ќ∆ƒ≈Ќ»≈;S n inan loc sg
43251;16;.;.;SENT;;;;;;;;;SENT;.;SENT
43252;;;;;;;;;;;;;;;
43253;1;ќна;ќЌј;SPRO sg 3p f nom;;;а;н;о;;;;SPRO;ќЌј;SPRO sg 3p f nom
43254;2;говорила;√ќ¬ќ–»“№;V ipf praet sg indic f -;;;а;л;и;р;о;в;V;√ќ¬ќ–»“№;V ipf praet sg indic f -
43255;3;,;,;PUNC;;;;;;;;;PUNC;,;PUNC
43256;4;что;„“ќ;CONJ;;;о;т;ч;;;;CONJ;„“ќ;CONJ
43257;5;ей;ќЌј;SPRO sg 3p f dat;;;й;е;;;;;SPRO;ќЌј;SPRO sg 3p f dat
43258;6;очень;ќ„≈Ќ№;ADV -;;;ь;н;е;ч;о;;ADV;ќ„≈Ќ№;ADV -
43259;7;-;-;PUNC;;;;;;;;;PUNC;-;PUNC
43260;8;очень;ќ„≈Ќ№;ADV -;;;ь;н;е;ч;о;;ADV;ќ„≈Ќ№;ADV -
43261;9;стыдно;—“џƒЌќ;ADV -;;;о;н;д;ы;т;с;ADV;—“џƒЌќ;ADV -
43262;10;,;,;PUNC;;;;;;;;;PUNC;,;PUNC
43263;11;она;ќЌј;SPRO sg 3p f nom;;;а;н;о;;;;SPRO;ќЌј;SPRO sg 3p f nom
43264;12;не;Ќ≈;PART;;;е;н;;;;;PART;Ќ≈;PART
43265;13;знает;«Ќј“№;V ipf praes sg indic - 3p;;;т;е;а;н;з;;V;«Ќј“№;V ipf praes sg indic tran 3p
43266;14;,;,;PUNC;;;;;;;;;PUNC;,;PUNC
43267;15;как; ј ;CONJ;;;к;а;к;;;;CONJ; ј ;CONJ
43268;16;придет;ѕ–»…“»;V pf fut sg indic - 3p;;;т;е;д;и;р;п;V;ѕ–»…“»;V pf fut sg indic - 3p
43269;17;на;Ќј;PR;;;а;н;;;;;PR;Ќј;PR
43270;18;зан€тие;«јЌя“»≈;S n inan acc sg;;;е;и;т;€;н;а;S;«јЌя“»≈;S n inan acc sg
43271;19;в;¬;PR;;;в;;;;;;PR;¬;PR
43272;20;понедельник;ѕќЌ≈ƒ≈Ћ№Ќ» ;S m inan acc sg;;;к;и;н;ь;л;е;S;ѕќЌ≈ƒ≈Ћ№Ќ» ;S m inan acc sg
43273;21;.;.;SENT;;;;;;;;;SENT;.;SENT
43274;;;;;;;;;;;;;;;
43275;1;я;я;SPRO sg 1p - nom;;;€;;;;;;SPRO;я;SPRO sg 1p anim nom
43276;2;сказала;— ј«ј“№;V pf praet sg indic f -;;;а;л;а;з;а;к;V;— ј«ј“№;V pf praet sg indic f -
43277;3;:;:;PUNC;;;;;;;;;PUNC;:;PUNC
43278;4;бывает;Ѕџ¬ј“№;V ipf praes sg indic - 3p;;;т;е;а;в;ы;б;V;Ѕџ¬ј“№;V ipf praes sg indic - 3p
43279;5;,;,;PUNC;;;;;;;;;PUNC;,;PUNC
43280;6;и;»;CONJ;;;и;;;;;;CONJ;»;CONJ
43281;7;уехала;”≈’ј“№;V pf praet sg indic f -;;;а;л;а;х;е;у;V;”≈’ј“№;V pf praet sg indic f -
43282;8;на;Ќј;PR;;;а;н;;;;;PR;Ќј;PR
43283;9;метро;ћ≈“–ќ;S n inan nonflex nonflex;;;о;р;т;е;м;;S;ћ≈“–ќ;S n inan nonflex nonflex
43284;10;,;,;PUNC;;;;;;;;;PUNC;,;PUNC
43285;11;вот;¬ќ“;PART;;;т;о;в;;;;PART;¬ќ“;PART
43286;12;.;.;SENT;;;;;;;;;SENT;.;SENT
43287;;;;;;;;;;;;;;;
43288;1;ћмм;ћћћ;S n inan loc sg;;;м;м;м;;;;S;ћћћ;INTJ
43289;2;,;,;PUNC;;;;;;;;;PUNC;,;PUNC
43290;3;собственно;—ќЅ—“¬≈ЌЌќ;ADV -;;;о;н;н;е;в;т;ADV;—ќЅ—“¬≈ЌЌќ;PARENTH
43291;4;,;,;PUNC;;;;;;;;;PUNC;,;PUNC
43292;5;пока;ѕќ ј;CONJ;;;а;к;о;п;;;CONJ;ѕќ ј;ADV -
43293;6;все;¬—≈;S - - nom pl;;;е;с;в;;;;S;¬—≈;SPRO - - nom pl
43294;7;,;,;PUNC;;;;;;;;;PUNC;,;PUNC
43295;8;что;„“ќ;CONJ;;;о;т;ч;;;;CONJ;„“ќ;CONJ
43296;9;€;я;SPRO sg 1p - nom;;;€;;;;;;SPRO;я;SPRO sg 1p - nom
43297;10;могу;ћќ„№;V ipf praes sg indic - 1p;;;у;г;о;м;;;V;ћќ„№;V ipf praes sg indic - 1p
43298;11;вспомнить;¬—ѕќћЌ»“№;V pf - - inf - -;;;ь;т;и;н;м;о;V;¬—ѕќћЌ»“№;V pf - - inf - -
43299;12;.;.;SENT;;;;;;;;;SENT;.;SENT
43300;;;;;;;;;;;;;;;
43301;1;»нтервьюер;»Ќ“≈–¬№ё≈–;S m anim nom sg;;;р;е;ю;ь;в;р;S;»Ќ“≈–¬№ё≈–;S m anim nom sg
43302;2;@;@;PUNC;;;;;;;;;PUNC;@;PUNC
43303;3;ј;ј;S - - nonflex nonflex;;;а;;;;;;S;ј;PART
43304;4;как; ј ;ADV -;;;к;а;к;;;;ADV; ј ;ADV -
43305;5;на;Ќј;PR;;;а;н;;;;;PR;Ќј;PR
43306;6;учебе;”„≈Ѕј;S f inan loc sg;;;е;б;е;ч;у;;S;”„≈Ѕј;S f inan loc sg
43307;7;дела;ƒ≈Ћќ;S n inan acc pl;;;а;л;е;д;;;S;ƒ≈Ћќ;S n inan acc pl
43308;8;?;?;SENT;;;;;;;;;SENT;?;SENT
43309;;;;;;;;;;;;;;;
43310;1;јнфиса;јЌ‘»—ј;S f anim nom sg;;;а;с;и;ф;н;а;S;јЌ‘»—ј;S f anim nom sg
43311;2;@;@;PUNC;;;;;;;;;PUNC;@;PUNC
43312;3;ќй;ќ…;INTJ;;;й;о;;;;;INTJ;ќ…;INTJ
43313;4;,;,;PUNC;;;;;;;;;PUNC;,;PUNC
43314;5;на;Ќј;PR;;;а;н;;;;;PR;Ќј;PR
43315;6;учебе;”„≈Ѕј;S f inan loc sg;;;е;б;е;ч;у;;S;”„≈Ѕј;S f inan loc sg
43316;7;дела;ƒ≈Ћќ;S n inan acc pl;;;а;л;е;д;;;S;ƒ≈Ћќ;S n inan acc pl
43317;8;хорошо;’ќ–ќЎќ;PART;;;о;ш;о;р;о;х;PART;’ќ–ќЎќ;ADV -
43318;9;,;,;PUNC;;;;;;;;;PUNC;,;PUNC
43319;10;вот;¬ќ“;PART;;;т;о;в;;;;PART;¬ќ“;PART
43320;11;,;,;PUNC;;;;;;;;;PUNC;,;PUNC
43321;12;есть;Ѕџ“№;V ipf praes sg indic - 3p;;;ь;т;с;е;;;V;Ѕџ“№;V ipf praes sg indic - 3p
43322;13;врем€;¬–≈ћя;S n inan acc sg;;;€;м;е;р;в;;S;¬–≈ћя;S n inan nom sg
43323;14;херней;’≈–Ќя;S f inan ins sg;;;й;е;н;р;е;х;S;’≈–Ќя;S f inan ins sg
43324;15;страдать..;—“–јƒј“№..;V ipf - - inf - -;;;;;ь;т;а;д;V;—“–јƒј“№..;V ipf - - inf - -
43325;16;фигней;‘»√Ќя;S f inan gen pl;;;й;е;н;г;и;ф;S;‘»√Ќя;S f inan gen pl
43326;17;страдать;—“–јƒј“№;V ipf - - inf - -;;;ь;т;а;д;а;р;V;—“–јƒј“№;V ipf - - inf - -
43327;18;.;.;SENT;;;;;;;;;SENT;.;SENT
43328;;;;;;;;;;;;;;;
43329;1;јаа;јјј;S m inan nonflex nonflex;;;а;а;а;;;;S;јјј;PART
43330;2;,;,;PUNC;;;;;;;;;PUNC;,;PUNC
43331;3;€;я;SPRO sg 1p - nom;;;€;;;;;;SPRO;я;SPRO sg 1p anim nom
43332;4;вот;¬ќ“;PART;;;т;о;в;;;;PART;¬ќ“;PART
43333;5;староста;—“ј–ќ—“ј;S - anim nom sg;;;а;т;с;о;р;а;S;—“ј–ќ—“ј;S - anim nom sg
43334;6;группы;√–”ѕѕј;S f inan gen sg;;;ы;п;п;у;р;г;S;√–”ѕѕј;S f inan gen sg
43335;7;,;,;PUNC;;;;;;;;;PUNC;,;PUNC
43336;8;вот;¬ќ“;PART;;;т;о;в;;;;PART;¬ќ“;PART
43337;9;у;”;PR;;;у;;;;;;PR;”;PR
43338;10;мен€;я;SPRO sg 1p - acc;;;€;н;е;м;;;SPRO;я;SPRO sg 1p - gen
43339;11;там;“јћ;ADV -;;;м;а;т;;;;ADV;“јћ;ADV -
43340;12;лежит;Ћ≈∆ј“№;V ipf praes sg indic - 3p;;;т;и;ж;е;л;;V;Ћ≈∆ј“№;V ipf praes sg indic - 3p
43341;13;стопочка;—“ќѕќ„ ј;S f inan nom sg;;;а;к;ч;о;п;о;S;—“ќѕќ„ ј;S f inan nom sg
43342;14;денег;ƒ≈Ќ№√»;S - inan gen pl;;;г;е;н;е;д;;S;ƒ≈Ќ№√»;S - inan gen pl
43343;15;,;,;PUNC;;;;;;;;;PUNC;,;PUNC
43344;16;которые; ќ“ќ–џ…;A - acc pl plen - inan;;;е;ы;р;о;т;о;A; ќ“ќ–џ…;APRO - acc pl plen - inan
43345;17;€;я;SPRO sg 1p - nom;;;€;;;;;;SPRO;я;SPRO sg 1p - nom
43346;18;собираю;—ќЅ»–ј“№;V ipf praes sg indic - 1p;;;ю;а;р;и;б;о;V;—ќЅ»–ј“№;V ipf praes sg indic - 1p
43347;19;на;Ќј;PR;;;а;н;;;;;PR;Ќј;PR
43348;20;медкнижки;ћ≈ƒ Ќ»∆ ј;S f inan acc pl;;;и;к;ж;и;н;к;S;ћ≈ƒ Ќ»∆ ј;S f inan acc pl
43349;21;,;,;PUNC;;;;;;;;;PUNC;,;PUNC
43350;22;нужно;Ќ”∆Ќќ;ADV -;;;о;н;ж;у;н;;ADV;Ќ”∆Ќќ;PRAEDIC
43351;23;зан€тьс€;«јЌя“№—я;V pf - - inf - -;;;€;с;ь;т;€;н;V;«јЌя“№—я;V pf - - inf - -
43352;24;тем;“ќ;S n - ins sg;;;м;е;т;;;;S;“ќ;SPRO  - ins sg
43353;25;,;,;PUNC;;;;;;;;;PUNC;,;PUNC
43354;26;что;„“ќ;CONJ;;;о;т;ч;;;;CONJ;„“ќ;CONJ
43355;27;подсчитать;ѕќƒ—„»“ј“№;V pf - - inf - -;;;ь;т;а;т;и;ч;V;ѕќƒ—„»“ј“№;V pf - - inf - -
43356;28;анкеты..;јЌ ≈“ј..;S m anim dat sg;;;;;ы;т;е;к;S;јЌ ≈“ј..;S m inan dat pl
43357;29;эээ;ЁЁЁ;NONLEX;;;э;э;э;;;;NONLEX;ЁЁЁ;NONLEX
43358;30;,;,;PUNC;;;;;;;;;PUNC;,;PUNC
43359;31;посчитать;ѕќ—„»“ј“№;V pf - - inf - -;;;ь;т;а;т;и;ч;V;ѕќ—„»“ј“№;V pf - - inf tran -
43360;32;деньги;ƒ≈Ќ№√»;S - inan acc pl;;;и;г;ь;н;е;д;S;ƒ≈Ќ№√»;S - inan acc pl
43361;33;еще;≈ў≈;ADV -;;;е;щ;е;;;;ADV;≈ў≈;ADV -
43362;34;раз;–ј«;S m inan acc sg;;;з;а;р;;;;S;–ј«;S m inan acc sg
43363;35;,;,;PUNC;;;;;;;;;PUNC;,;PUNC
43364;36;потом;ѕќ“ќћ;ADV -;;;м;о;т;о;п;;ADV;ѕќ“ќћ;ADV -
43365;37;поехать;ѕќ≈’ј“№;V pf - - inf - -;;;ь;т;а;х;е;о;V;ѕќ≈’ј“№;V pf - - inf - -
43366;38;,;,;PUNC;;;;;;;;;PUNC;,;PUNC
43367;39;заказать;«ј ј«ј“№;V pf - - inf - -;;;ь;т;а;з;а;к;V;«ј ј«ј“№;V pf - - inf - -
43368;40;всей;¬≈—№;A - dat sg plen f -;;;й;е;с;в;;;A;¬≈—№;A - dat sg plen f -
43369;41;группе;√–”ѕѕј;S f inan dat sg;;;е;п;п;у;р;г;S;√–”ѕѕј;S f inan dat sg
43370;42;медкнижки;ћ≈ƒ Ќ»∆ ј;S m inan gen sg;;;и;к;ж;и;н;к;S;ћ≈ƒ Ќ»∆ ј;S m inan gen sg
43371;43;.;.;SENT;;;;;;;;;SENT;.;SENT
43372;;;;;;;;;;;;;;;
43373;1;Ёто;Ё“ќ;S n - nom sg;;;о;т;э;;;;S;Ё“ќ;SPRO n - nom sg
43374;2;надо;Ќјƒќ;ADV -;;;о;д;а;н;;;ADV;Ќјƒќ;ADV -
43375;3;все;¬≈—№;A - acc pl plen - inan;;;е;с;в;;;;A;¬≈—№;SPRO - acc - inan
43376;4;сделать;—ƒ≈Ћј“№;V pf - - inf - -;;;ь;т;а;л;е;д;V;—ƒ≈Ћј“№;V pf - - inf - -
43377;5;,;,;PUNC;;;;;;;;;PUNC;,;PUNC
43378;6;эээ;ЁЁЁ;NONLEX;;;э;э;э;;;;NONLEX;ЁЁЁ;INTJ
43379;7;,;,;PUNC;;;;;;;;;PUNC;,;PUNC
43380;8;поскорее;— ќ–ќ;ADV comp;;;е;е;р;о;к;с;ADV;— ќ–ќ;ADV comp
43381;9;,;,;PUNC;;;;;;;;;PUNC;,;PUNC
43382;10;поэтому;ѕќЁ“ќћ”;ADV -;;;у;м;о;т;э;о;ADV;ѕќЁ“ќћ”;CONJ
43383;11;€;я;SPRO sg 1p - nom;;;€;;;;;;SPRO;я;SPRO sg 1p anim nom
43384;12;не;Ќ≈;PART;;;е;н;;;;;PART;Ќ≈;PART
43385;13;пойду;ѕќ…“»;V pf fut sg indic - 1p;;;у;д;й;о;п;;V;ѕќ…“»;V pf fut sg indic - 1p
43386;14;во;¬ќ;PR;;;о;в;;;;;PR;¬ќ;PR
43387;15;вторник;¬“ќ–Ќ» ;S m inan acc sg;;;к;и;н;р;о;т;S;¬“ќ–Ќ» ;S m inan acc sg
43388;16;на;Ќј;PR;;;а;н;;;;;PR;Ќј;PR
43389;17;лекцию;Ћ≈ ÷»я;S f inan acc sg;;;ю;и;ц;к;е;л;S;Ћ≈ ÷»я;S f inan acc sg
43390;18;по;ѕќ;PR;;;о;п;;;;;PR;ѕќ;PR
43391;19;Ѕ∆ƒ;Ѕ∆ƒ;NONLEX;abbr;;д;ж;б;;;;NONLEX;Ѕ∆ƒ;S sg inan dat
43392;20;.;.;SENT;;;;;;;;;SENT;.;SENT
43393;;;;;;;;;;;;;;;
43394;1;»нтервьюер;»Ќ“≈–¬№ё≈–;S m anim nom sg;;;р;е;ю;ь;в;р;S;»Ќ“≈–¬№ё≈–;S m anim nom sg
43395;2;@;@;PUNC;;;;;;;;;PUNC;@;PUNC
43396;3;јй-ай-ай;ј…-ј…-ј…;INTJ;;;й;а;;й;а;;INTJ;ј…-ј…-ј…;INTJ
43397;4;.;.;SENT;;;;;;;;;SENT;.;SENT
43398;;;;;;;;;;;;;;;
43399;1;јнфиса;јЌ‘»—ј;S f anim nom sg;;;а;с;и;ф;н;а;S;јЌ‘»—ј;S f anim nom sg
43400;2;@;@;PUNC;;;;;;;;;PUNC;@;PUNC
43401;3;јй-ай-ай;ј…-ј…-ј…;INTJ;;;й;а;;й;а;;INTJ;ј…-ј…-ј…;INTJ
43402;4;.;.;SENT;;;;;;;;;SENT;.;SENT
43403;;;;;;;;;;;;;;;
43404;1;»нтервьюер;»Ќ“≈–¬№ё≈–;S m anim nom sg;;;р;е;ю;ь;в;р;S;»Ќ“≈–¬№ё≈–;S m anim nom sg
43405;2;@;@;PUNC;;;;;;;;;PUNC;@;PUNC
43406;3;јнфиса;јЌ‘»—ј;S f anim nom sg;;;а;с;и;ф;н;а;S;јЌ‘»—ј;S f anim nom sg
43407;4;@;@;PUNC;;;;;;;;;PUNC;@;PUNC
43408;5;јй-ай-ай;ј…-ј…-ј…;INTJ;;;й;а;;й;а;;INTJ;ј…-ј…-ј…;INTJ
43409;6;,;,;PUNC;;;;;;;;;PUNC;,;PUNC
43410;7;это;Ё“ќ;S n - nom sg;;;о;т;э;;;;S;Ё“ќ;SPRO - - nom sg
43411;8;парадокс;ѕј–јƒќ —;S m inan nom sg;;;с;к;о;д;а;р;S;ѕј–јƒќ —;S m inan nom sg
43412;9;,;,;PUNC;;;;;;;;;PUNC;,;PUNC
43413;10;параллельные;ѕј–јЋЋ≈Ћ№Ќџ…;A - nom pl plen - -;;;е;ы;н;ь;л;е;A;ѕј–јЋЋ≈Ћ№Ќџ…;A - nom pl plen - -
43414;11;реалии;–≈јЋ»я;S f inan nom pl;;;и;и;л;а;е;р;S;–≈јЋ»я;S f inan nom pl
43415;12;...;...;SENT;;;;;;;;;SENT;...;SENT
43416;;;;;;;;;;;;;;;
43417;1;јнфиса;јЌ‘»—ј;S f anim nom sg;;;а;с;и;ф;н;а;S;јЌ‘»—ј;S f anim nom sg
43418;2;@;@;PUNC;;;;;;;;;PUNC;@;PUNC
43419;3;јй-ай-ай..;ј…-ј…-ј…..;INTJ;;;;;й;а;;й;INTJ;ј…-ј…-ј…..;INTJ
43420;4;дальше;ƒјЋ≈ ќ;ADV comp;;;е;ш;ь;л;а;д;ADV;ƒјЋ≈ ќ;ADV comp
43421;5;€;я;SPRO sg 1p - nom;;;€;;;;;;SPRO;я;SPRO sg 1p anim nom
43422;6;слов;—Ћќ¬ќ;S n inan gen pl;;;в;о;л;с;;;S;—Ћќ¬ќ;S n inan gen pl
43423;7;не;Ќ≈;PART;;;е;н;;;;;PART;Ќ≈;PART
43424;8;знаю;«Ќј“№;V ipf praes sg indic - 1p;;;ю;а;н;з;;;V;«Ќј“№;V ipf praes sg indic - 1p
43425;9;.;.;SENT;;;;;;;;;SENT;.;SENT
